{"file_hashes":[{"block_hashes":["8DA85gAUg8sCl8Utp54zZK0vRBDUsGHiliWnRpuvn+8=","j7WNxT+hxeuex/wu+YEh78gvfOz0cUHrzcmqdn4EUKU="],"block_size":4096,"path":"_locales/af/messages.json"},{"block_hashes":["3FP2kJyVeQuQfvScgcUGKx6YAzZ5v1IRr9uanUePXc8=","mxAlDvy0ePDuuORjxq0iIkYjnJQM1BrH5RJeBm+VtNg="],"block_size":4096,"path":"_locales/gl/messages.json"},{"block_hashes":["2D7BE4NZYGx2ypf2NRAM9puWrLbb91HnT9zKJnT72Z8=","j0/YJ5xHVfU05VqLJL+H97/fRAhXiiz0ZzS1mvL2AYU=","Wegho0UAVxWL+HV2HV/gkSSGPNvvqBW1BW10038/qLg="],"block_size":4096,"path":"_locales/si/messages.json"},{"block_hashes":["LIDtTiMk6jdXziuKUHkdbm0FeU/P0ziW3yh6bi0QxY0=","yLP60qQBbyUKIHIAOHEXt7KKBDkq7YOOE1vaXRAFPNU=","KzUgpFj6pmmTs1DmYuC2ud6Yc/TWfJnAFeL2jL7SVaM=","RqIF3hVPxLoHvel+pwa3GUXMc/1zUjCv74qUm+eaal8=","ikwB0yQdXOQr7FGCdiQ5IkMA55Mn+cfPyzbrrGjaAGw=","fBfvEZfIbi+lp32sgcj74PKRMinmNGyi8qoxgs4t8Xc=","QJkR4jCZgSXXarRFUNdJhJMGCBkayfifQwESW9413Mc=","9NJv9mAhONBbGcUCAcnGH5C2oskZiPeBRa0+MtPKM1o=","0nTa5vyoYWlvyLE0Hlr83fIhobCplSoo08mMNaM8jIM=","vxYJd53a+8LP26nmdGcyz8rK7cEO/rLlwIMiG1p9XbE=","hMvO0Jeeo75QLJA12bHEjrW2ehikhWv0XSiD/BQlio0=","Tjj8NH4XIC+74417+xurGTGKww+kaj7N7JbZ+SB1FaM=","w3Nq4uNab1eCgYTku32Jp1kkxWQoJzIV0T6BbslyyHQ=","i9/pDK8ZSmFWnwmOanppB9l3l/b/Fnp9ZkHiVIkBmZE=","5kVcYPhRB5asXwTAJLymZEgdFTQmAekMSpsY8rvFiJY=","KOBuLdy3xYuoi7OJx/ZprJrAkta6E+P+6D2G+h1wbCY=","DT8XBUga42qCV3CdcUiyU2iXWaZMySKIFR7TdMr5zPw=","I39ZaYesBrkmv8FVObseBEFBv3OsVhPGiaNrpH4vy5w=","OYbTYffA8hpyY9Cduatj3k8JDMb8MSa0dCbGICPAVAY=","d2DzPF9dA2zeo5o4CRkneIS193n5WsjDeN1fDDa0xUg=","wc6FD0XIg3q/SP3rFufi2z9Qh2s+iJbtxrv+qOSswao=","4XBzjOlcHrxxzlFHHSCK9hk50ZyQ3dy4x1jBI4m1K3Q=","hmekprPEtwxmkEBoFISnwWwzOnW/mMC/fx525mITZrc=","fATCSFHd4Osiq8LVS0zCtu2xiNJZWPWA1QJUF0rjUh4=","8exQMbize/1rA1Q5Dd81GZ08tH3ukdyAf5p75EYxgP8=","cRXCnnT0zqFw9SVvKBT6CR9hQ0LpZulgWq8orF/iWi8=","0xG/baGZSbZzfoKbd04MN+IpEtFNLVUCps5/4017tiw=","xtzH29MrKPpN3zDCEtI7Yr3cszn9Epj2VyoDVap/pLo="],"block_size":4096,"path":"css/bootstrap.min.css"},{"block_hashes":["s8SDhGE6a7Nx5BGpz1tnFy5T/5bM8lb77tWYPyT22/c=","Gh/XwjSrVVbwLCxS1rop1cvMZPbUxqKylQYrTPauPqM=","8yJM5lOdYIGJtdH6FtOJ4r/caGkTJkouJLEisg1VJbQ=","rhvwokQxP2yqVunSP6YTaAD4G3twX32BM9H6BnE6d2s=","I45WLjMOxIqbAYEAi+U1Lx3wsXFGO8XGzTSaOulaK8w=","yN8huhLLP7g9sHM5eEpt25gqNA6TP6d2BcmDd2I3xH0=","odLRQNF9+mvCQXtr45ExZ4Ag8HqDxE7Dxkd1HsfG9KQ=","nh6K8SZux845HiC1WJeuJSjgl2YFcSqwyqRjTfqGcxc=","F2kXNxqX2IGqsICkxgEN1EI9f7zyQXBnH6UNCC5qNmA=","d7yNOwomIaXfHooJ2N8pq4dBHF6zCMVREbJ1LNGHDFE=","CPLuEYOgeQmBG1lutCnKbZ+3NOfEa7JuqH2pExpeyDo=","YWstmRneNWZ9Zx+ddtZrld8iXIoZrWaxBc6sBj3jIS0=","0ob5E3b608VnKw24ewUdaCRvAVN4aycm9OuHdYJgBTI=","7xF1Hovm6brFObhrTJ7198E6Xf1SBeTulYo+8diSlbg=","OSsVUNTaCd0FjqtHpJR11VZyqiAfRF/9nH0ClxPzbvo=","0RMSyc68hY6IZ/+jbdXjfMoVRBacY+EgzXv7VY7wQig=","bYDjB1lth2RozLPE1kQX2R6i0ZthPiXjIUGb45/5c0s=","pRK2KwVaLemADVWeQzHqorcsGPEncW9WtNm+PeJpDXs=","h2ivY70mPTZPFpi3AmdFSReslhrXhaCjnLbfD4Yvm0E=","M7yFeR/syyxxr+t8T6UIq+u2ql+Jh7MAJBmTvyh6t6k=","XBLo70wkFKMUCskeEegP6xZ4KJxhfuz7gnfmyY+Fibs=","WWpW9sMxuW8tMk7S3yOGrcjhJIzOeSChsF0fC7JZBHc=","AL+EI4Le+flWgKACrhx/KgR2M73YkoIoXQMrb5Fy7nw=","gMMfac3PdPWmHeqNn1a5g1hxMLL6N4hH0baRk848/6w=","/gskcN33qunJzT4LwcBtjJY2mFwyvAX9ggIYbkQ0tRQ=","njI3gTbzhOCAPsR3OJFjcxnYF94yM2Fv4LVXOTyAhpY=","ZVQrgOb4cjsBCW8tKMIGLw+8X+Dk6Dg3+EUAP2qHuz4="],"block_size":4096,"path":"css/bootstrap.original.min.css"},{"block_hashes":["+IsyIRgD7Ih6pcQjHwdXXL8n2jSaWOZqhdl13rgjwIg="],"block_size":4096,"path":"css/fspopup.css"},{"block_hashes":["hl/JPKQ2rIkZ98BCYK7QDaYP9+QKzMgYdOiWPkEy0go="],"block_size":4096,"path":"css/fsselection.css"},{"block_hashes":["gMe71XwrWLc8sk8F4/IVnfFj1TdxHZlsdbo+37yXouc=","AUvbkN1wcJXMNwTw3J+Kp/EeIVFuuj2ktfZRNyuJtiY=","OZqCwSBqxVMsIYeaEa47GuyLhztS3zI2pbxntwsLL3U=","aE0MIsDuMNY2M63MHtwjCpyhe+3njBVHiyorsEJMmRg=","vpBaEnUhE7IfSIEeTeDbydZn3G/vPU7zR+W/vdYR7JM="],"block_size":4096,"path":"fonts/glyphicons-halflings-regular.eot"},{"block_hashes":["vjyCHZQC3s9C3ZXF7oMuR6Pip2m0kf5l5w07cPQktoI=","cY76BcUEPIdJuEmevIZUCoI4knMSafcp1QmYSPQm8YU=","gblDf4+OoFkGJsS33SIznrKeUtCB2dwMW5mQ/lqd2Fg=","osAFjM03y7dT+N150WJxH6Tdy1/A+t4mgiDrvdxta1M=","KFxkpQ/X1OIZYmyZV0gnBD0I/7Q4rEoZ12TLPbiZla4=","qJ3HEknpJyUOTKE0xBOczyiuWH8aT4DpD9OpeS0zp8Q=","F1VYRFRKTOwYnQ1IlBzXjmuz+iv2xKKdCB3RkLQX7iA=","iDXFL2HhjUUVNd7MX8osfBZneXw7CzSyzhqhsZMTtwM=","14niXwVWFNKPCD/JhSfVLJ3I51x7Z9aOQ0+DOlRjId0=","rW8jDRaI+nhDuNMKd23M+0OQn1RRQ3sNIuwCoTa4iF8=","LTx3oZUcsYEtIjSxANZJYQdJ9z+1sfCDqQM2n5FqJf4=","z78e1NRcHEDuQRnuaX7DyfGal0BkXo+HPy8ka2aHOSU=","z7soMt9rUic7rJtw31Z/mmpRhmlebZHAdOa3L9Zf688=","z7XnO7wuAzVe83D0h4Pka3yioOgIHXAKPIrUTJStDyY=","9dw/FUCLZu+CiqxocCrJjUix/eVqi5ZSMeP4kk8EJBY=","AxLiEYCfoa2YLoATkp4OH19WxtLN9FzQwT7PCikglKM="],"block_size":4096,"path":"fonts/glyphicons-halflings-regular.svg"},{"block_hashes":["QlQ011qDz9jUuETFijYTeQF0UwR3dIFl0JkDCp7md38=","CyVLaA9xytjDdSAuXdN9R0VuA+8hLoqI8h3dyklpS90=","8AnLdmJH+1AUzrVtt2m6doBEo7ODnf83WL/LNaeEFGs=","VvNkbucsc05rNUX3gZ8PbHcKCXUqgc+x1BKt0hOwlBo=","fJk5YN2lHOHn05XgCaKs1B+myMMPO7wrN1nJHW4cxzc=","8KWzqhvgqm12ZzJxXFhfX4NEaG8IAlWM4RIXbRi74jU=","SBNkCiLLjAwGNcBkULWdutAq9qKE3FVI+pStytMq1Lc=","Rk+5+9SnSgi4z1GuWkTpCmYXhswkPoBskrZXhCWWbiU=","Qc587h7jZrQPtUmyG733tk7zox6FEz89CMgNmfmmTQM=","Bz0adBIUcujFGTtZcaQgXd/vvRLtSzIi/XkLasUPsgI=","X5omcndwWcGLT6picN6ezC0VDt+HbXQj576/59tzLSo="],"block_size":4096,"path":"fonts/glyphicons-halflings-regular.ttf"},{"block_hashes":["6dKHAOmm2kfTpsnl5s+jrvqBBKu0OfwbhI0GhezVcNI=","i49ewFSO3lDDd5OSqo751jAALD8z4hQbuwSh5PWGTYg=","7Jg3sxEc0ViAXMpAZTIWvnamclFenHh364yKk/Zz16Q=","kGyAkSMoM+s3+qwn9pvtcFoSTHQ4eBJgSeFwelrXtGE=","5NSEeJAFyx5LwM6kt/GzBRwYMj1K38WVr6HFc73eXuw=","hyazWkGBK5+71A7ZVrWKN2HQyDnhzgfngdAyfNvwQzc="],"block_size":4096,"path":"fonts/glyphicons-halflings-regular.woff"},{"block_hashes":["vqmEOq9KVTbj2LFhF//1rfy5Y91hQ2OhDDHCIvCAg/4=","K108QNGUdTxwrnaQJUOU1XYt1wC3wIz/SaT5OpaFW2A=","SdaarYKH16dINLZiBMvPrJ7Q/S1PVwrq5TbRNsv4biw=","nvLO4MtunRucea+XzD5dcXGUCDKzIUCtNmXI0RtrBu8=","PnotfA9VhYs7izvkAZZDQnNhvWmIhrwjZzgJ5jUWqCw="],"block_size":4096,"path":"fsCaptured.html"},{"block_hashes":["vHIiSOCRhgxP0hMJhlcg7jh8j18zrotTqkcIrxtzVIM=","nAk64AfWuKDAEUVEwjMVIzGgNy45TAsVyFB94aApTrE="],"block_size":4096,"path":"fsGmailPermissions.html"},{"block_hashes":["cZnCUaRV0//m1UZjVZ0GtwT4V4BJU/NQ5/6qrVpF7Bc=","pWS3YGBrTrVyrAtTaaNt0a7Qdzhb7R24fv9Mo3W0IdY=","nWhKi5zaYbITIrBStqQeDftdYvS5sGDPysFqd76i4C0="],"block_size":4096,"path":"fsNativeInstall.html"},{"block_hashes":["N++D2IBtrWg1tsGKZQEhq/nmjvoP0xO6Q+AEAqncBKQ=","ZN21UX+szcOF76uCMT2Ubcwt+mt5AocTvMIWDBKhoyQ="],"block_size":4096,"path":"fsOptions.html"},{"block_hashes":["RfIQPK9ILM/6S9FDenalRrX7+J+roD6wJp0AHubSRNE=","rA8LHCfDDf4CBzjDpFnJHV+T1HFvjPp9wK6toC0FxHw="],"block_size":4096,"path":"fsPermissions.html"},{"block_hashes":["0JkGON0pLWpQ/1FXQ+w+2HGEaYYF86CXHR2a2dilp+I=","AmH7ojf9YdIKaHOFrmH/qZtEXWa/+PMK4UiJ7MkOKwE=","+nDJX0ewNigD+OpIXwB3iWCAnIyMvX0RRD4U3PamPjI="],"block_size":4096,"path":"fsPopup.html"},{"block_hashes":["aJ6ZTOajGIqQ27wLqlK4Pk9FsdqrHqA2yhPyzCEcNXc="],"block_size":4096,"path":"fsPopupLocked.html"},{"block_hashes":["kBWIfiqAUz33ZiuFXuTY+YDk0PF4s9yir5OWlAUsQ7s="],"block_size":4096,"path":"images/arrow.png"},{"block_hashes":["8pNxOUquis4OMVAdGSOJkfJa0zZJRJANFu0f4Am3r1Q="],"block_size":4096,"path":"images/bullet.png"},{"block_hashes":["35fijAsV1ZN4EYPEKT3TB4JkyZQefEZAGAqzxX1jsYE="],"block_size":4096,"path":"images/capture_mode_browser.png"},{"block_hashes":["x1iToUtPnvbmiVaoUdOvT5+2QzfTTQg60hb18/4RdTA="],"block_size":4096,"path":"images/capture_mode_full.png"},{"block_hashes":["WnCrqLvNyOsTYL+K1wxmk9eceG9UGiJUTQ+x8ffA0Zc="],"block_size":4096,"path":"images/capture_mode_selected.png"},{"block_hashes":["+2QTcSGqtDuFTBVCGeh27FfIxVNTuBDyiP+m4Q7YpRE=","xbuYxzuLuusDt0DI+4jZuM1k6qGxIpriu93/qN+jtzQ=","BLGX7ZS34CbK7q+NlRaJA5niJlhpBQLzkZZROe65D2c=","wCImVe7FY4ednDBxJ61exp9sYSv39VIenXRXC4msJL0="],"block_size":4096,"path":"images/capture_mode_tabs.png"},{"block_hashes":["L7YSqzTcV0FTxAAuIsWmaURhPB5PRI+cFRkZxJoODv8="],"block_size":4096,"path":"images/capture_mode_visible.png"},{"block_hashes":["CJ0Oumu1MJQu9xOoRZTtfp2aTBUCTG5KLNhBzdeK6Iw=","5LmFqGfZJLjuinGWX0hC1XOaabocuvm3fB+E4bmcCXI=","jFVWoqyx1HcFy2rMFv5LbKj2d40WxVFbe868M+hPK3o=","sOdI6yHEyrNlJ2imgcsypuHBPUrCA2T1VMmkjO1V3qE=","ZlxRtytd1gzdqiw29a/r2c4Mlf45u9DKRFSAMP4Ir+U=","ygdGHyRc8dhB8wosbkN6UDqUc27x6dhOOA9GBzWT9sE=","jD7/60tGrbAEJxreuR9tdqasyeTkGCoUTMHY/JM5rjI=","hfs1MqqrV+fYeqPfCp5vjIplHDn/i8Fenw46PE87Rjo=","6f85Cx6WDasCEoFY9Kd4RPzrCa2q3uvMPNuX/b2Xgp4=","InSJqaEYiYWxMR7CwD2Ovw5QaFZw4SfGi96yfvBT41c=","XE5lFUtKsoOyNhBZA15AmUUFqganI+/non4SxX5lOLg=","P5Ooon3b0aOcilgk0OPoOvCy+RO/wfbsAkzHkExoQDY=","tDYsStUAKcEc1E8ZPlJ6mzZFC9/zaVi7PJRzHV0hNyo=","ZloB0irSI1MtI3T7LniKOu46LRHq1pV4YKJc7whdLL8=","Tteo/U/7onoYxajr0oF35k4iCWMxu24sfVogcKkiLdA=","/Qf5MRaPA6JzgwwFw7FehxHJtUt6egCNhM8Yl5FXcDM=","ylzU30g8agNaW1+LJJFHWlQXF7Y/4g9/wxkp+2rUIno=","jv6AeuHi/EeiX2IDt7TcdO7lv6im7dLnEeuXEERDyBQ=","ao+uu2dSeR7RrRazuSerSeBVeKxODBeTUW5ucnG19qc=","j6eGBsGsJ0POpg5COZpwnh0MEE+7fXSPebk4xeAh+Z4=","3ChBIr4LJuIzy5EmZLBnMT/ryAM5isgrC1bK2ekzWJE=","csXqZI7mxpzi8ZJ3/5qizD7olly07JYSs1TPyueMdVo=","Rdt3BkMcVE+IThMQykNmStPmgWwmnz+sz3y8eOfmSOw=","CtMp9XijVeACr0KoXkfBRUc01oNeb+QOMYvfUu4ugBc=","yscuUDWfMpV6TTBbfafWvEWvz9TeVzZM7WitIheijCM=","sfzUdPjygZ5q8CjFW6aN0IC5rY9/q7YkQ3Yda44YimY=","eA9vRerYOIWoTzTCqCivTEdnqAJsIHk8llTRqLavBIQ=","+Msv4A/mkfoZvLvJdc6qbmC4tQyUXCXf2gpo5MbpCBI=","dqoENZ9Km/mC1NpiGet0sSjangpMiY4Gv6TGfBLcQfA=","zrmiawSN4BoIDJDl5XxIhp2fVmNuDzglJlSTEmY25t0=","oBBPzSoILYIVIY4IMgtPoZaAYxAyn8XBw6vGu29mwnQ=","3D5n++3Y1fKZQJ3PPrJx9cGYd7J6peBCjdNzULbaJbI=","NFxdz8W+MZ13ZSHk4zYCEIFdC6KRtxJrDlxMz7Uh4T0=","5+kXqNcd60EoVMZIJlFWTEkGtNAsBqVcmK5F6R1W8ZU=","mTxg8PmRo2ffj7cUQ73kfXSnKrU+WGrEeIK+c7wUEKw=","5zTB/mNblTGQfHaS1hEHtFWrUEfXAdOaKXbXqSNz1yA=","rwP8xoMq/6z8S5GBkopmPybpFJNJtMEYVVuZESxn0Gw=","RTKKB6+YQTMqs2YstIZeExx1LxjN4JGr2oq0ue8OiEc=","ksRS/dCuwbt5eYenXtAHrmIHUCQT0+OoquN+8R9EvFw=","fZOR/444n0gVQoNEYgp/KMyDlTAyJ7AJIHVX7SPDeTQ=","KLBj5tqQyj0Dwjyl/Cmf6R1aZ3bwo4oWEmrlYFuzIqo=","bOl2TrlYWlBDC9AFF8JmpQ/hS4b+/vWtaps8atVcY6s=","xcbnw5ljah9idnVGvgI12+R0jPG/XzUg/o7bYmiJjac=","DsqrTWsBDx8ZGtv70AEW4o6iL0ohf023QEVxdBSSUws=","RsJKjRLW6rEtCjr/xXI1yHqACzEfNOown3x8wda5Cxc=","tFUKgrz2mYqyo1+agd6YgfWShQ0LHyyfNLi8T/DtYGs=","zlX829PEcn+tnansVV5F/JBvE+IjBuaO0JwCnXsb4DI=","5T6XF6eT18ZfgT8biMHKLGnUKV1bF6+BzPIaomvJ9gs=","aprqhnyl7A7jubk40HGQVK+7WjXGuehYXMfnnA+AxLc=","eMGGQXImVnQksiwGUSa3Oc1qHzgyErcjuVUSs3rMrgM=","Lhqjq/Yp/NcM8cvSkI3QRSv7WQNhFbHI1mhyeuG/T2k=","s8W15p4/nFj5WOTN7xJ9Loi53qgpLiyPpvZeKkS73ZI=","G4g87C7Ow9aruujavwuIHDopH20qVL38Bzsnpa62YGI=","JRPX9jDI1E4AHF231r2E0aCKFpO/STpwmhHLV6S2qxo=","w7NmUzmTjTzj7ZeBhvbOszc1MNqnqKLlGHRNM7g1uLU=","5hC0BCOD0Jap5ic7r6oWIEcm7ntaaRdKdnX2F5WAqGY=","BU188xYEDJmeSWbKpwgVBT72KGpYy3p5cwaK07jBoX4=","hJ/EywHITn2FhB6M5DK/XNcFzqX4nlAnvi+plpv7GBc="],"block_size":4096,"path":"images/copy.gif"},{"block_hashes":["GBqf+8NzVg01arG3gXXQ9xRksRSMdE5qOuFImCc5X8Q=","GinTWeFTPIkUYJ+1vOsFQlxf1I8Kl5G7CebLdy+QB2c=","kdvbrV2WwEgkp7IAS79Mk735+yGV+d7rpbULXv+1lpA=","1YlCbRp4m6O5QqfSkyYtT6gR4bH7O1gxXUnenyFVqpU="],"block_size":4096,"path":"images/download.png"},{"block_hashes":["Qk59z2PW13sI27PA05LViPRb7xGMhZLSuhLDAF0oN3E=","ZcKnPX2/+Z9gzSAB53QTsoTdfRc3zsB9AksnVKkXMfg=","c5hn9oSr6B0h2pb5ebOtsqzv5c/dtbVb8SWJFY9D1uk=","0If1s5r1/Yn3xeZXTNSlM6n6n24tIMYjb2xwnmhoCqA=","RvmVlN6cvMI5J1weqyiYwD7LUWQbB5EW0BS/mBlY9eg="],"block_size":4096,"path":"images/gmail_permissions.png"},{"block_hashes":["MYCyXcvMNt9Iq4SpqD9nM2oDRZQnNMSNR/hYGSvBJyQ="],"block_size":4096,"path":"images/marker.png"},{"block_hashes":["W7BZSqfvgRLswJNcFiMaNh4PpdlIT+T5xLIdqQuOhso=","Kpyo6jsoRYAbb+G5i/9sDSFUNTj7W5BWo8xf7KvaT6U=","X1dxxxzBa+9k5ZF9UvA7QlQDnmyVZcsXcQDA55+wpU4=","FpEkqG0cqd6+Vk4AshfrTCblD0v7FSfyPHIWTZ+ix8E="],"block_size":4096,"path":"images/misc.png"},{"block_hashes":["pTWoLYIxJxfJLfoWwvcm+1VSHpc83tPwmGmvN5aSVBk=","v/2BqMr0/BpQnwK12FDxI6xsY+hGOsMy5NmQOrW2juY=","7exuyOmh4/V0whsZsbG6qimMxRip+GzdDfJpggWFuZo=","Rv85qDeanbv3q8YZd/HXOWbXeqvAkz/Wxd+/4E997T0=","bStrgeTgDhCxiUjL5SnmGcbGV112ORJYJel8Y+bFxQo="],"block_size":4096,"path":"images/nativestep1-opera.png"},{"block_hashes":["1ygPo0S7dDLVapzOJEaVaWVLpsXYeSbDu8dHiCVB53I=","jmiqt2xPazMaHABJJEsSQrik7IgwWW5BuD5PMksVNjo=","Egu68xkGW7eUUwxU5Isfuo1pKQ+3QRSQO+qZohAKXPE=","gGYSARRv1LttHNrJ6dXV41d4VtfbLRXho90Zj6H0OIY="],"block_size":4096,"path":"images/nativestep1.png"},{"block_hashes":["KmCyQJNFJ/kFsz0zXRIAs0LWJOsw3JPKUpXjavsDTsw=","agakp8iuTS1rUJDzbJskZH6WgUYtyJ5BPH2oQc8+5NU=","h6+0YKPVwLOuIVfWhiJK6SwYrcqVXjmaD8dDCCK5prU="],"block_size":4096,"path":"images/nativestep2.png"},{"block_hashes":["6CvYbgUjg5kZRX1kIHZenML0yx5GR/NJd/QD9PFh+dw="],"block_size":4096,"path":"images/options.png"},{"block_hashes":["NXnBtP7jhmarAZSZYm3G+iZeoHBk63m3WILAYjH0WIE=","h3/lH2ZCIgG4E/ul/DIUptLpz3ov102X6fQ+AzkiL2U="],"block_size":4096,"path":"images/permissions.png"},{"block_hashes":["318GlASnXk4tuEOo5R3EU/8Ve4BjQfLuUTXxuyVUW80="],"block_size":4096,"path":"images/plus.png"},{"block_hashes":["7F1q8etuxAtpq1UfyUv1M2iDYAcmBftTLGYzoYXI8MY=","ECcauyaT4+fQ/fPmbZRrZ0dYj1e7xDCYqBKmSw9nkI0=","zH+yF3OJpjqFu3+RPc6VZS0Qvf8KZbY0/SRm3AmBbhw=","u/D8BDK+2qQt6nVzlRuryECwjOABQAC+fgmjnvdUzm4="],"block_size":4096,"path":"images/progress_1.png"},{"block_hashes":["4h1JuoCODglIgP/YYngfQ3LUEv1BXdszi9BhOMO8Fx8=","Ok/d571Ou77fiCPzygSrJ0GY9vcB2Xbqh8tNrB0u1Aw=","KJ+gG39GLb+GPZ8WNqjRmLKMhPOVHT65vJtWXOhpyKo=","NFWlOycbbaysk+yR8+zJOgO8RmcHQAlTT1a0Z56mqGQ="],"block_size":4096,"path":"images/progress_2.png"},{"block_hashes":["WL29vBNzdtWXiKtYfV86g8LpqK0LUhJ+0oHEG7Az0Ro=","Ok/d571Ou77fiCPzygSrJ0GY9vcB2Xbqh8tNrB0u1Aw=","KJ+gG39GLb+GPZ8WNqjRmLKMhPOVHT65vJtWXOhpyKo=","zhxnG+wKV6u4VSFoR1jgCCUH6jpOhUdC2cF/k0wyD+M="],"block_size":4096,"path":"images/progress_3.png"},{"block_hashes":["y9D4cFvOOPkrFwZATHgjMDMFQ2M/vkk88ECwIDT+hiU=","Ok/d571Ou77fiCPzygSrJ0GY9vcB2Xbqh8tNrB0u1Aw=","KJ+gG39GLb+GPZ8WNqjRmLKMhPOVHT65vJtWXOhpyKo=","Hk7tqWvYY5XLRCD29XPTVAUkdv0U5GewF5XZoLxysiE="],"block_size":4096,"path":"images/progress_4.png"},{"block_hashes":["0j1ib7jFXurRVAXUvt5XN+nYEAN1PJY2Qq5MYigQJDE="],"block_size":4096,"path":"images/quicklaunch.png"},{"block_hashes":["is3g+z4SMCo79UkaIojr6XsL2WFTLRNeb3qogQmgcOk="],"block_size":4096,"path":"images/rocket.png"},{"block_hashes":["2XJkmBAt/g/eRCUmoxsnCckuiVVJQevJxOSvjSSg5QM="],"block_size":4096,"path":"images/scrollable.gif"},{"block_hashes":["kc2Y4OqI7tlJ7TP55GBChYus2knKa/0h3XfNKimSR4Q=","jq4Po5sn5QsdbO9/XH4oBDADg5kxyu9SmAmIi9l1OWU=","srOL/Qg9Bxla+QEYIFH6z5e7s5dEAOpDoufOeJY7GfE=","Tl7nG3OcjizoYLhVQ22k7KvOJmsWuT/ChbrjirvGWQw=","JdUEhgQiQ3POz6uhjbAvsRjKNTL+rqvNZtJK+T6GbzU=","lBIqG05ZR+myFmoQedGtz37UvmrX+3N1VmMuYz4RuZ8=","AVbe2g52V+AZt4rmaDFwPK2J5TeWPk+xhSfKXyAtlGU=","RzMLJwfchgH6a4W0u2c5AS+iMdWAKEGYFEvr6ekJIEE=","fIhuM0keREOE0L3pRvmlkuc4r6nTjUwDQjb1UT0zObM=","ZSTmDfR+9UHbPcKgbTJDWVsA4fLcd6f6ZBkbZSoublk=","0+5NMeRqr5TKGUvVFbU2GEQGKBIPz2u+n3c/isjjhgs=","ob7VvX6xrYrpqRPBh0qSjZ/GKGafjnHBWI1AwAI2b4I=","xxaBFSLCzIlKyZ3O3vi9fwD8HEv5bx6mL0jfS0SEMBg=","VjnPQgcSGNQB7erlvUe5s6yN1jfS15Vaj5MpM7KPDKE=","Q+9ZbCs9lOnesVXvlmLUV8/QjkR+HUfiq2K1Xb9eHk0=","jwcC8m60sfSjILA9HKwdVKy7AcKPIZmhGvQrbl5mv0E=","t02m69OcjoIx4e0gFsS61daeZhjVV+/X4DQiWYHx0l8=","Sxj3P3vPJ+oQGJG37mMHzJa0vi5xycxF0hKq9mxPfKs=","O/GclLyFsj2sg4j1IQlylnv37qAqJ4lntzmA057kpFE=","EUFoYcOoTrPYkX7AhhyfxCBruBR6uD8Kfm/F5XOaC3U=","VOAj2ROZzlGFjLimPS77nqpDWjg2bmgGaOqLvUu2J5M=","Q3Lmc6e+dTbwpdQl17UAwZgZ3YJsf4B2XLl0FgKwFDk=","JxfIxvDQohV4UghTqoCorpAfwN3Eq7NTlt56wMptKGI=","N6+bA9HCOnoH/0Gm3lrnNBsZoHIwtDBlkpeU3n1gsSo=","J7V53TrLs9VpbXaMz9Q6pqGcYrC7GTZSFHIwFEm8aHs=","x/q8jPR/r3zPfAUQAUrBM9k9d14tryzsS4nhKFwcHpg=","CQaPj8x2U5lenGE33hkMQ4luauF9JiNND5n1ZA+hMnc=","DCmaDWglu6klUmPaFK33KE+EAG/8UtE7JNpEdEzbLD0=","R6Dn/UrsUhRNPjYTdEw0+FhELz/H0qQiNOmMUWgJA5U=","izbXhIAB0vY9AygKrzlv87UN8MdMlitnzYZyze01aRE=","mb+Kokulc16X38Frd+8nOdxuwojaR5d1RtLiPlaizks=","nzvfWZfLpbfnP41MFFTtbPXcYNQir5qHnTKxo0qP26A=","ErCFRi1sic5gt2LIrQw8ivhWeosjh0m/1SiYK8gZ9aU=","spaDIeIRr3yLYcZLvwPF8/2dJncXcjaVW9TmMDsKw/w=","KBZlFUIsbmbPlY8Fyj3JMz/YGhSOyDM6Qw0hJ3uyeDY=","/hbm+Z6iDp9AwIZFmNgF1j493iFheHMA5TkoxVm4hZ4=","lyOrt0yfFeXBbkuNtNkM6u3e44/KPXenj9QfX8JFqIA=","zjvWWYwKB85owZwcoVe9ZWgHZweYLYCcV8/oVAkVj+k=","fUkNHZ1ToLRTgvdoVHgPMMjRko5qiKPaA3q6ea2DkPk=","UnEeliam9BcmXC1zbDLtwzbRnYzdad/FlCfiZv7X6bA=","E34LEB3kTK069m/1s4hmYnS+Y/0/CbLywiGiKz4rYjg=","YkRo8t9Cg/3VEsPsWNMLPTISzwsL25+6GqduBKRVr3E=","sH2+FZk28ASaou1UYEEvrCAOonAvn4/PUuByC2r/8PQ=","8DXleJczlG8s77S1WMLo8oUg7Qe5yPO+QbmaveQ2DlA="],"block_size":4096,"path":"native/fireshot-chrome-plugin.dat"},{"block_hashes":["EgsaokWfoKWB3nS0qGMD1avx9EoM2VCPTk1X1De/CdE=","qG9lnMrgwhpQ/cJox31L4xh4vjnTDV2c4OeYDE2kjN8=","InUR3PDOGGOibrZUmgCSwqBmdesGgs1EKgbtUG007OA=","xdzkgAWilgwlb/vke44c1LBIG9Mc15my41cm1YPHA1o=","WMD18/y+ptfJnS9ROtVMxFlhU+lP6rK3Way7wqjuVfs=","3UJ0MEijf9nGuUPk/nnRtCu4h5lQGZ7JEuzoR2azYIA=","VHGy9i+r3k4qk3ZJDbzgFErsTzoYlCLffMxRyeudDF8=","DYp4QWgHCMsA0h1yLWyT/q2oT68WLankk5oycgWPNRo=","dq99akLdV9UCOuvAh1nxsKCbMgeMN89WpeWgq+xvUa0=","6/8xVOpD/lS1jKobgpcV9z+/L+p0uSfMee2pVCDaNyc=","s858F3nLgTgkCldyhEq7MUQClpGSnL+lm+PIPnaHM1g=","thfNTR67AfFxUaMKloDqku1QPSvOV0nsOOORPBxqtw8=","DnIb/VC0yQwEsbiq7AQrOeqkpJAAJt/MaVR+/XP5354=","Vk1VIytsFWCxAgNYJWYVB1J7gVSAJVM+DpmjdqB1NcA=","RHMyeE8gL46pVc9NfuSegdoRU3AbyNjjWjt41JtB1X8=","1cuP+CRv2cN5RVmExxAafuLCdT2b81tT5x84TqkVvRI=","bXtxtmaBiBcvtyACHOUYwVrYiszqI/gGBu4VeiX55Iw=","dUZ8SKvRd8vVO+ktIhibmWV67StzCzzXvTyKGzf6DY8=","J+/mW0Qvr8QhTzm19I4KScMlsMFfjCP7/Fd2rfU7tiM=","nO5rhdSwVZQ8uHAcU7pmW+fRMy3AKzN2ogFqLdR30mQ=","buUNtHtZfe5mpynQm9os6odpmYlTe5fcdIqmSIm21ZI=","4FL+3cACK7yXCanHysfvexp0OmagiwHTQunB3gD99/E=","FcQVh/1JS9P+N+dn3jvt8DAq2/whR4cA/JsxukmkFm4=","uM2ngLBwcmbC04GmVD9Nq8DuiQHkYVRsR/qurIEzmwU=","G6AviFovzsGKcPkOviv8eOUgdW6633Lt/elMSLxLdes=","8rLMgTmaOwFkq6urmZSNHhgfBGrxQQzTV59Fgf4MiBo=","b1sXxaUMjy+Qwr2H4loZJW25wIPFfeSeVAW5n07BVLU=","jVOguv6j2tDbe/hYHkZyIWjWog+3i8I2j4nZe4iPCAM=","PzemEM8duNlCg/sINAegdDLHKnyR18W1l2SF/Zal4h4=","GnE80ZEBmFHdSeBt9Jb76e7WFr24PZ5lfe7jljH09l4=","4Wag3lbMb/iU47ysRrMCPBha/fPZ0UbhvEDcWo4HAiQ=","3jcMaTlvpcTI8TXNQBHOKr85693kcI9MMMuig9yixso=","Wjtq3pDK11smswaqJ+SPBXPtHgk8kvxFsJoMz8tl6PY=","oYjHlbH9YlE7z/CcRinyKoroR/+RGUYq390kvbaSnng=","6jTzUGABLWhUNHpMUP+2HqsKV2aqFj2L0PJbbDy+9W4=","06nxoBjLescs/Hdj0nRIPcZhCWBW/QzKEgKrYukUteo=","p6JKTduDc3pHB5zZcpAoN8uSJRfTmv14o8Z1Zt+4MqY=","VH/HnJM/3x2WmWzMrW0iF99casRmrzyxXpoWB5lZgzs=","hca9ooMTNPimAseVAEYnk1QFG0BSnYZ6vvInqZIjWW8=","gsXu7N0Yjf6ro0VisfjUHcF8DQ0YGoXqIdHa5dw1JX4=","ny0gKFNDZzboQwdmACrlvcJtc5dxaWWJm3k9fwRYTVQ=","PES4bo/yrMq5CcI9zlnGcww0YNnJ3lZpSzDJR41rGp4=","LuzVqYf/A3ZvDKV5RhJLOvUrT0zsmeLCzEZD/kgTdKA=","2sVrFzRkxpXgBQ8DQhxthl2mu2kzoyrYUKWTrq4NpAs=","IdZEppCOIv2pWGnegZ/lRLL0RzL3WFtyNQ67rpRkYq4=","0Hft2CRh54gcHmYZ/1SPiIp49QzDa74yEYfwCh3TFHY=","+E6+a/17qkKFdtu3Jgqb10WC3gIJb3uLd+p+PScSIOI=","uATpW37gsN+2K2mlGWB8UAsbPt7d8b10cRqRODc87lg=","kQLnrT6obkpVrz+lEScuiQ4diotVkE8bJ0Kuk9czvig=","5oUcjHVCZ0NZc57LD9Oeo+RULeycnIR8k/CvygwtdR4=","OQ9hrbqmpW7E/0ka+rqtWnbD1zzQBXyhcAFb+XPpbYs=","zTA7PGLkbx/C4ipRo03VXj2IaCvZWToyu+UMjuS4lfw=","uiqefsaVOhER/j2UtbOEixFuK2b6alK5Jak0ebYz074=","DwFYtNSrPXDpgZYzj5kSIYBSxZ9HwdLQEd9cAFSPWWY=","jA61FZCQhjO7Ey4HG/Ji8PmBheGzYtH8mRWBX5eQ+UU=","qsY+s8V1uEZeHMk1l8PEFgcEfY5cF/For5D91MCYFvo=","MeQjjKnYM2hIHcmrOZdB2T4vFHUIUx9LAWbZnrn/1r0=","kebB2H4BckpMJrioooSwIp4LdaF8/Qax0vGv7brbQjU=","Iix8FIQmiox+iACRyyR7Sp0LRBy/WpuQexMLeraERpk=","ppKk3eUW9t+Vd9mZ1B3JGP34axQaYJfhhc1bvbof3CI=","ks68l9+012PipOSoYErNfq3nUCazjlrOdB7HPAjkySI=","Cvza3r3/diaH69aS5DLYD8ECrmVKMrwl0QvjyvDUxtM=","4i7vYGl7gt0FXobtuABe8jYQIwjljPSGIhoRwSKXUDA=","POgqtBBUELeoy6Ucv3W/fPyYp1SRlvxAZTzW+kKpdCc=","t2uixPbeumtQiACVeWDOxlHS9Dg9976mu+kZ/Ma4Zs8=","HPXJ+f5sAHWJZYerAfOq5sMBMuTQuGAlC69k4qotV8I=","PjqjMxxyZQgLKIaNugZ4ED6TDIejubEULrMTQ4NwWeo=","86afvCiLE5BiruCsBIm24ygM1aus1rrb34sKN22YOAg=","I6ZWyMmMLf1WuEGz78mHKKAlIts3dmntareuqn4DZIw=","sdGVHk0EuEVilFMehOzxPFswRPfqQ7sOMZekNR9Fwmw=","PjTNfqfIiKUoEg7RnbM4thsvEwhdOtr4DIxwNYGI5LY=","bfjYqwlXu5A4q2g/LphqCV7lJnwjhgXCd4kiF8gzd+Y=","nkpbOWtby3C4vVPKaS2aT88/3jH3O5G0mCCiWnSL00c=","zshgGS0/kfnprV0ddJQ4+yo6AFc50Qad78yKxpqwN+0=","QYPiB0LpoT77mAu7GYzR8kYal4JpGK6DhMKjfx4o0cI=","OkqfgqntVec5PRQfchjDCgkcsFwRrH5Tr5vwAvz+6Js=","rz1Z6aG+oOJ/6rccWFJekk9tIDTGYKREoRw0Nmp1F5k=","FYdKTOySd30Lys6C1mDM+BgBKxRU6o8+eWELs2zxtJ4=","PruwnfBKBSM6MpTQnZfvyKQstYGVEuzJ7+iy2IWntvA=","g3BcOpzLNu/YknXZre7Xz9Ur2W3P/J0tcW2R+7UfWiY=","9XlT9uBQ7f5KQLM2REd51uqw7QWojri8DqjHThyof3M=","jZzu41us7F/+1nESYkZzXhInls3arConW9VR+ohiw5E=","SeYNSivBHBHJPNBP6jL01JwqZ0M8KipEcM4LNQFvGVk=","Url5aZzLfgQVnF21w/1NKuN0E1dBPrxITdGfVNhYt2A=","WIt132Ina2QAm+b83DA3goNgAxfFfCQ1wZhfUhh0vmc=","+fn7EBe4ZYpdWJKkpfIySewfbjdXX3OMf67oaMyjXNs=","qU5B/CPTWOR4wRkn+Z6pLiZZnlSFZU2YUBfeRXbtOsE=","0jofbavJg3M5P0V5TuKZ7ivkpk2ezTLy7uy65m0wzbQ=","dd19dIEgxrClnks0cQNJerrMGxXwznofmsE3NUf/sdk=","FrEh2r04/i7EBH5gOOG6gBlfOxV+93sbC2yn8bkzgw0=","7CYy9rbAvvvdiQq6RrEH30IUgyyaaDeAc9hnevCm8gk=","xMWRu4WVyuUxidmvEBLDNbfY+CgRBCfOsl5FW454JuY=","qThFePHy/4pLO8mfDZdJjJJR+qSNmBgetnV0G215pN8=","QMGJbPVn9EsI/TyZdXc91kpnVwIPC/DxIlPI+Crar8A=","/qFHO62Dj2XYPOq6saCXX2+NEbJWgTJTXmI2L/2Qkmo=","PL/Tt7EpFssXwji+7MyGBj4kZw8vCDw2ucgA6XuBNck=","a/vQjVZgetpdpIcA/BDgnnba+4GwnsPnVCCrhp6baAQ=","gNQrB3jsDtckcit4LbhL9QnunhhhymEGwC0HCByeMek=","KdVNaSJBjPD6M6fmlm9+N+R9BQi3hoZ/bMv9J1jAYaU=","zzniYL6TyF+F5n88LH/8MEs4fe4Kfldm9uiFRuJ3Rq8=","3HmwA66j33uXn5whOhMaVrLau1zKKOfS+FfnCjeDPo4=","2o7MYpQZElLi5ArRLMx8GmIukEyteEFZOGw91Rs5yF8=","aJIBhsT27HdZt86aEhORiVbxhC6cLNn1Ka5xr7uhC+A=","Iy5jlNTctb/hxckw0T+qFZCFSs5c5tLynqsMVDluaeU=","szTnYeNIrzuVt8OZlY2AVfaco2TDNPAWFwyb5k1du/Y=","WK3S7v2kFrhliylCGm03WQ+Cm9YZXFpGqCguNtRnzhc=","3O3EEM9llqA4QTgtwEr98MXG/N7xnhQ+zaRu/Bf05pU=","y5Zj6Im37dmCB/YTRQlBAzNd1lCv0/Pn1ekHbBf5ZQY=","E3539lUXcCfK8COizNEgLLtovFamhSKTgIC9C0oylEs=","xlahXNre+3ECC3A4PQFVL/3p1y36XweP3ZM2DPBhwJY=","y/PsFBQ2ZUeBQfM7JfPu7QZtagNSc12mpgg5bk5M6jk=","aeEMF9l//JZN10YVrCZH0cSgI/XvfuBG7W6GUTN69LE=","C7Ul1JsAmPeritULsDnfiJf0htWYfrSyyOyhPfnKuFU=","VPSFVfGTQWq7rmtVxIJThTwU8AMJaVVlwwPz44ZYfA4=","BwlMWghWmmjqxAWPZh/KTb2JiokIGAEUaJlPH3i67yc=","93WNevIyEuKOd+CPC+wpvYPPlIqdu+OeBr3c3SRZmKk=","1itsIf8X/LsJkeZsEv0Ir8IRAE++ip2mP3Qr9zf5lzQ=","hGkPIpPBY+D+6RHvZrZyasY2gdxCRM0yXK5XEvCkaGc=","8+0bwnZhOWNq3nz+8bnPS77UJGtvDiy+mh26/2sfUPA=","g4+d90NNhP+mHx709ottJLCupgmPis21pjkFs5gcCOU=","OFdVTOMf2oazcLACqWind84alDrJXM1pabaZuIpWejw=","p7rLoWPO2yQzB42B7wkxtjwRM/8Hbiwddboz2Wuxccc=","7RMj9yVaIjJt8qJKtAZ/dLlqlogS9u796uMgGNkVPnY=","Yi/WsgkvhDmQegBVFWKxR8rW0Uu0ryyRH9b2hD8ENWY=","wbK5Le8uppFnYFN4GeYbyfOTzLTYj+s1Dbmr1Jhbb08=","EOMIKL5y8gv46l+9OIhtpxH30nG58Y63ijE01DNS2FE=","OrvRaKWN99QAo5OyHU1RuI/EO7G5Vod33YauVTxzkJk=","ONmX64U63yQIe6pkCGXxDOeTUVPd/vgMhMA32yjVjEw=","vvvcCHk12H+ZiT4F+UPvsHFbu/hq8Bo+MgpdDestWHo=","f856WHzOa/ZzsynsrQhVXfWvzhr87b6RzbQV2ncys5U=","6ZlomU8rsryo6Yd/PbpZgwGVe/iUaDGKKr8OvFL2goE=","tRkCM0ymN6HRJnXTf5XaeysM6XA4BAG5Fh+9j0QYh7w=","zeUb/9onFxEcKtVfAdPue/QbNxp7OpCbB73hOZ8aNeo=","cVDbHNmyjz0GQeT7d2lwBhvp6YoKcecCd082kUeDt/Q=","1W4XrspmwkDrdNsVd6gJykDLAzUlP4PfRdBBsDGGpfA=","QHk23GrtgKyc3icGWxCE0ZK5mrCqhGxrRrUmwAV8TIw=","Zchg4yCQey/BGO+gMDEywclz3JdZ0P9fU2Mpt3fJMGI=","pfXTJb9L2bX5/Aes1k8lcljcpuxQHYq3pFEoHMJnpD0=","FdqJ+ubv/zHHp/aPYbc0XBKN+i2oYvzUOdtV1ufGmp8=","/FmBjqjG+Um5RfMg9dfcmuhhHvV9aE0xkc3LN750meY=","JhZqDnPsXYclVPWB8ZUGWdeEjikrPMx4OVvikmMALIo=","RwGfk8WJLIJKTSlbibg5mgPKxJ+QPA+wgQKm+LBE24U=","A156HbBT3ZF8eg3vxWRlVcHEbdvzX+A+gID6pZqAvwI=","sTK1zHpQr9U18EjF2wFhFB7l65s1m8nJAVaI0Wxi4YQ=","YoO5cJPVb1qH3b3r2jFwX1rOyExk1YcXX6VCM1sF0y0=","v628M0S9bIwAw4PlYkn+0p30WWS80U9c1y7v+ZGG/vI=","dIIH3sPs5wfxwVmQwQPqYodGSYQyApI/SdYIrzYGimI=","mfkHSO4+cefqI+UsiZjy/pm12WxmR5yO4HTp2x44F/Q=","0Ccx07zsSSMdwRB8uQ6PfshVhwwNIluGa5T2VFehOEc=","BNMaeQqYCYFp8ENlu4hhu9MwiQEhAdbHMZ4+Myz2NEs=","rC+CqpJxlAKpY8wzZSkzk643yZ5jMv2gkpHcEm2C8g0=","neoQm/aq0fH21uo1jap4RgHvPduXnmnSM4iO+0A65vk=","+z6tzVL46FoMesqtatjtl3CPw38pFwNg5LhRw+Y1c6k=","QoAoqqmTpzbviRnJB53Fi0k8mWUt5ZO4oZsMLE2eLBM=","aRx04TO+4PdkGI4lbFqyCLAru6iTWrHc9M5IXnZqa/M=","hDAAKPKYT1VQIqgtPvMUw2PwFskJ6HsUP4JZ6taDifk=","Va/yemvibp4PpEjPbLlBFZIygyJS+BiIE9mUKnF62GI=","1edaAge9OW86I1llK0NO4H+mrsTElhVa5o2HzpS2GgA=","lJEwJUVCQxCxD+g+VHLgoDy0e/osttNDsrxGYKljjWA=","FvR0Ffj/b9r6q0hvKZnCwsEbkWW5TLoedsZog7Qn7Mo=","TLR+Bt6NvB2+8JKIgeIksE35qrQ2q3i/mE+tZuV+Md8=","eMiivnIv4YGcMhT1Uy7GJJp5SarqZFzoZAWk6jAxFac=","J80bklD4gQ0A9T1VuQAH9xUjjSezkDaomHr5Leh1NsU=","jmtK5Rty1G3XOhzqE8ZLfIfb5hul+/hht4eKBQ3eCOw=","vm6Prt/g4tuGnl+hYy0czlCP8F3jcCzhB9WqqJLoayg=","61hudEK5eKhp3n0sBLteIn9YJVKFl/Nj36yYBtRVCw8=","R0OQEM3pbpIBEZ/eW1L1qGyAUWx+oQBpz9f9Z4OMzyQ=","2iCSEKb87jb40eMQE87qFR5KZa8PiVtu7Iw0CR1wpok=","E0pUx7o2f69td9ImQlgXfUNq6y4ICq/EQ4yzjVlWdm4=","CFYQ2S54bCkX4JPGDP0Oeww/+JLT4OYQQrpSVJDzT5w=","rWGojtdi3+z/663feymyZOiKHDUbkhQ70Al+uRz0lck=","izIBwGZnXIVzDCyUNxO6IY64Wcg1IEANefILerq4Nos=","H6C4NowVcwbOuij1i5z97Do1BZCtbUPobbT024DDkd4=","73FdfWspm/GMMViY7h4Q0+PFlzsK8hNKCDO23Mm09TE=","WQsvY+eFsW+d3iMDgmyv4IYXatbkVW2nrqsj4F7BdIo=","luJHe8crp84Z2tODvHjZY2vpfSNkvPOBeKI487qgaAo=","GbI68Jhz7qWUw7aO5/h1qJATxa/ZSp08O5HSV4Ba4Hg=","khC0kpOz/aVh+3qVPgvD0XVshmPJ4nJ9K69kcb8Yxc0=","pQwSdgdzPOJk6L05ZX+iwpmMLocLisaEw38ayXXOBLM=","+MHjp2616w7bpEZZaoSeNsWktDX/SyQCPzb8QNutBEc=","wzY7i2XFwwDpbl3WXj8bigoREZpN3QITdAf+0/vyACQ=","SQ+sm8vQVB5AfpHDRaJa1ZjTGf6bdRxllMgcFzEYOcQ=","lb/WI0zGq9myW4+c5ge9LNdkuTpN39Ok55k2PsoK7TA=","rzowFpQlqctJ3F6qI0vQHvBVc2jr8wzbqNDNyrmiZZM=","3G9eXx7p/R2POfD+TYixzjF0eePXN5D4WHcWRjWgupk=","dA5ly+1lu1M0VLenGdqX50B94PxWnB7d3LLBuwaym5Y=","JMuPD7/5YymnUFVLvzkeYtyeX8O26anXDPUhycZp+cE=","0rR8VdqEHWIA/lvnFv7r7LMQnW0NYss+EmBKwMWY81Q=","z7gZU12UOKJ1kNKro/Nz59Iysn7V13i3XWIrg4/CUks=","i7tTsJbqOCOn0oeCohT8etLm9DRktI6G8NQfevxL4M4=","HRU1VQdTxfAsbvLFIzQqh3ar8FoLkTkWredObXe4DmE=","PdaH9MzHAIXMsGIUYKuFst1ULNhjk2fn+pW/OfqTENY=","U4+IXc3DUI6c9eLXX+tnr32OEEq3615F+kv64SalLr0=","AEXtqiFpInVTjlN7iIS8ia7r2+Xt/ZDv9iuwtbE1vZQ=","fAwrwNjmNSDEg7YgiZ7BMrpLsHhdrzLAh5x8RuPEI6Q=","t+2HTz3ecThj4C3a/SEQGC4flFWShuJZkSTWx5LREbU=","MUQmEi0vSFNxMrLfCLUW9q3SLJaB/6UH3yGtYyws0VM=","KjUON9Ug2YJknDg39a4zjRypUTkatQiNM7RSFO4UxRY=","tPK8b3HsKDvVsq8J9S1FGZdnuKS7KHLIeivLbLsep/g=","jx7RLLiDR3RbPJuTNqeyXNSdc1cvvzyg8u+f2v7rZgk=","O+CNiIVj8bru7Mf+Dqr4HqL8Ywu48kjqrPzKu2LfHkQ=","GuMWBuP83KTezV1WQ7I7v97QRNdPwaA2yLx70/Jrx2w=","8l3ijpgGlJJCV4duxWur91wRBsz57OE5OkLPvmzTFso=","gy2tweInBOsvlN6NRJo/1mIu+YsOC1qgt5re9vo7o5c=","FcgrSSacok8JZWvREK5PPs7ci2LYK7NUnZlU0fL0Bjw=","gQjJ7oyauHTT5bdsIAIZSD1c5Y61kSO+KE0my0vlT/c=","ETI0hQ4XUly3ttXRApuOJRB80Umm6z6rRIxzjb+qMT8=","ZsHaw81d3jVLhHZbih/55ljfkLLLsLdEaDutNGtuKBw=","TvmOHB2mzY9nPEgahJFiEKAr6sSzg0aakZI4o6A9YhY=","HqPdaS6zIU2fRH7yDRKjgusK0FIJqtnbBDHBXONSkAE=","sm+U25Lr0txbOtTUXwb3xKTgAKJsdxVUfqWseQodVtE=","rIjqR883/v3wM64MkOXOiHYg7D1ID9hsKqp3LGqh/0c=","sfqntA1lCaGD0DaGMA1AOGZD7NRJ6asjjaFM1+70U4s=","BEYtSoE4r3oPDbmYICDndLUA3pjPpdprzL7NpxctGZg=","1Ftkv+IHmgjrCVt0sf2v1mdhDMHV0ZiiDRMOkdbVFw4=","VBZ5JekWO/wG9ll2XIe6qNsm3HXpzAv7lkGgAUHTmLE=","hUnm7SQfwLCvx8OziaegVIKJj8ItxSE7xLgoDWMxK2Y=","T1lRMlhNbNPQt/bXWL/ZFh1Yxnco+TfhcvLZuBFT5Jg=","A1xvgWURO/sBQCD8CbNB1lN+eV23qA7aXV7Lb53qp7k=","RQ8wdP2OXQ3JUN3UOLpKBCPMPFp+0fKk8Mp/Uq4R38k=","gYI4g649/VDnRgS9tWf0CzAp6fx9jb8nIJ9vkpgkrKw=","mBvCV/DIwTmrkid55D5AwScj9P8mzd9nEFgwkVHM5LE=","oSkN7guhxsWO9CoU2oYVIlawxkgAhwr+0rcmomg9OXM=","QiYQ4yY8+61x0GKh6CfWNjw/Ir+KkjmznmxTD+lMNVA=","I+hFOvjjfpE4FGaiEfHQk00GIcnyL+kR+tEjzWWi6/Q=","7NJBQf8rjygqbFUmbqFPORPM1eem/oEuM92rEa++naM=","XcLADCecDPptydK048CDpZOtdZmI8wNDqHpPpa4GtsA=","qwPLsGfFn2oyMWitvyMyQ9512SARlu5ca/Z4lFQsHu8=","ZoNuyBYwxorhgAci0UK/p1rFj8dExKf13ec2k2mpMHs=","ZdDLtMg5HN4V55S8viGBcrECIDEJPXw04lJXY6fbXXU=","G+jLRuu4+q3CWZfdb5H9Gl3dqqeHmNZVGd+RT0+44Zg=","WM/7TOVEqXxOyXc5uSoy5efbWW+x3m1SST6MfQT4UEs=","QooriDw7h8KrcFIzEVfcZ6ET/W6lskzEs2dyYI/2o7w=","QyzK8VqC8VxarXRPD7CCAU18a0QYn45dYLR/OZOnNFM=","Pi3c0Gb/sbGWbMOIxzNIVarUgUEeuRCsOtfvQZ69QfA=","XeT0eYX1+nNf2ZjdUExb0p9iYyjqROttuuYk2Bew58E=","mOOHKlC1415MNfUGLebO/FvhgWRu7Nj5wcFqFQN3KJs=","i9ynIjRPwkai+NkWGXJ+aoXcfW8A+P1rhfYo4MHy6Ss=","2TITc7lOHHuUIPBCrTSiM40Z4BECoOypM/1yZSeC3MM=","HKQHu91ZSIxnk+l7EpzYYzuPZygSTtB6282+KIiGu1U=","Ypsp6677/76GMxZHCOznOoy2N32W+YxEvus2CNkO8Og=","28HYeFh1MRG83TgQnwMqAMOBferXKbCWIi2iliiVnMA=","YgfpqUmJVFSS82UogbsJgLUoXy2mHDoIFjfVjqZJAuQ=","Lk3S3SldDXYTU5u09xiJ1Nb9W8eHA1XneYchx2LPn1I=","i0jwRpevfiW/iS4uX/BysifpKLWMYoASvkkYiiix1Us=","ORrp8YoEbjmbeRvSaFzHd8ZKFXOVAGQBz7cuyoEu4Jk=","P66HcxlxbGFI5bkSDDr3WJg5GWf3Sl8iKM9/Gcts+H8=","jqWnf5kJVaKwS0iW3FsA3yileGqBX5tTebarOHqPupk=","BRdDD0av0h40gPXXIHpwWuydVao4knhdDbd2p4bI43U=","Fg88Xf7uzC+5b0BlX8koCHOK75byMk4c4A957LLml9c=","12H/VCKQAalzvwbFVzBTuWKYDBm6P6r1OXXNPj3hiDI=","TCLsNvwImW64zXBKdsuR7aLZMwrgMhKPjjAYvDgUx8s=","KuWbV5dET4YDuUeW7+EzCvPNQifJt95Yy/OCFPbgS/U=","hMsztRuLcnN9HlX2zF9pmLl7fD5mKrfek5G4qS5COiA=","npQbkap6/Or8gVDXOzhnljFgvqrFYvzAee+2ezxdmHo=","uMy4VgihSQ0jXiV7Hy/Edw5Z/S22cxPfTplA55oquLE=","krQEd73G0TiqxdIJaDKIVu9OfPWz31OeF8PEbFsbEqA=","DcVR9M6Qwttrmas+Rs7Wer+2AhkVdyUa0wAHqQM2Lx8=","QswYUy4T5Fga0j3zJ7vsEjXlH5Kgq44NoaQTc/smhgY=","7Ij3kIMFxdkE0k7wHUuyIfRC2ReYRk0VUPOdszthk/c=","NTnNWtTUJtN8I+GAv3AbEMSWjJGIFnWLJmWsqLref20=","c1uI4rxzatVxraZp8zian584Si1lm4YhGKfaD+ZKbyQ=","+8olmMYjCJKaFiL4FTB48BrvYgN3K+6aV2M1t8ywcOM=","iSl4w3JB2aZH8dvlXLEgSx9H2n5n/gjhH9+QMa8i6o0=","k0+I1H/uWk2iF7GdWPMV6DGs7sg60BbjZddj1QyubH4=","RUBVv/k84uFcbTqdBKaUgMwD99ZaouinOOZV9AAESw8=","sLUNJyVB09cSVThbSZ6LfWO/FkKoIGznLYc+/Zt+Gis=","MOTpvBxJI1WtK3t+/5rlobUjddSpdirJK/3VF2JKegc=","yA4vXgbQYJUxzIHNYilSPyZiiOc+ySY68fW97IR9ZQA=","Dc77NZvtqoK26vTv8bVQ61b3QFJsXHcOcmJdFFZiGi0=","e86vaQg8+zrSm3MQwasBuX8LqVwTZEkzilGGFV5ntU8=","VopjFPEi4tMGr6SIErfGsEWeaNcUZuCkwWbD/qFdvKM=","+CDJxmnZuAT21ITpofv3u3aJspRLn/D1mSlsh7/eC58=","PIxKmifTYTyI84+i3S8Ngu5alrM17AZogQDgcBqeljA=","pmIfeP8UqGisUvkq0v5zAp28uLPyfiFP1zq0gsPFDlc=","jwFpUKPe2ScMIFgSh8IyB/WumVyFOkDW3ukZheR9OPo=","i4GvGWxKKy3AwrFFFM1A9yAetfyWmsfUNgsx3U61fi0=","J4wYoFHxkmofrvtmjk/5mL4wD1w7Q6/N88fdOyrBS70=","GCsoCDqxuOXovjD1ij+Mi3pk45q5lFDTcBQVlEFK+Ro=","/ASyKe8a/mf10I1/4ugRN5N6Hm4A/93kSbH9/IFGbDk=","vmItb0XgzpKqwiMmbpK4+i2P3XjU+lbVsosCKfQybS4=","ln7R7xyLa9BZqaEuB5DMShOXoizOiKtyvbEteF6+2XU=","QpcAtZ+KhEtQFAOS58CngU059lOzLKyltmUKk1C4HRw=","ths+bRw/Z6HG8jmm7CYUIj8iu435UjFTqtycxKhJicI=","k9wxHiLiQweIhtgRGl0gxE5VZ7VmmA/J5Rkvzk2tagQ=","xPkkCCTHDaz4VB+H4YFIxmCtzYZOZJyoaenYRp8xlB4=","CKKddQ6p5WkpA8CLFY3SKT/BrS9kCM5k61550Rruwq0=","rY+70PwrRTIlc7jn2zV2+OMSG3ifLyzht/n7f/bjhQ8=","my8p1pPD4nLASVevCUn5OieGjwV8OYz9iChZ+CFLTJk=","9safUYwjDvxpl7qBX6D8JQ57svFb4sGuqg2OmyYv4AU=","n2Qsnc+GrF7g+VKOECKGzaK2J/ETKMWyNsjxQzPoXTY=","q5cr+FWRH/ovyt685cWSmvMa3Vjl43XmoLWU9GWzbNs=","BMLsRWYch8C3K+6WO7e68j1Q6MJ9zxtBy9EZIv4UxQE=","THVc+3YzrEclWtgqC98NPK64N5V4GFPHUxwE94qkQRo=","N3KKviO3ihWEUn0y19hwSowS2toXFzajB0ryTop89z4=","Wf4xQx3o+EZ43HOkbxQoeTZwJ2ZB2nnlDDzWyaf1arE=","TGgAd4V42YeN/BiOHq5Md4Mob77RM5vX1Ridku7LLKQ=","KlLayC/wfonLI+X4K9cc+V6ZRh13UV83hi8HLttYRg0=","qkT5tF3nOJG94B0SJU6tSRHt1FSeac3uVguDJjCRdVc=","omcV0WtwnctqUHV+NfaktURUf0o6+EsMyKeMQ3Z1w7o=","pq4Oyll9W+kvfzTbk27Q6X6zL3O4B+gyFVWQ7/0WNJs=","e9EoFxIqO1cEv1gABRIBI7vI2EQDd4yRL2oEhyv3+Lg=","g+RvDZgRaPfe3Ittm+x0Xc8VcT1zNicW8avtT3/p350=","AlMrQ9B7A1UPAQqRPpBTEGCmuordkyAm7LuLbMBcJQk=","flI/rxWwVIOaI3u9m1dU0lHfCflu5NUPdWHOkatmHMo=","Iw0d4JiFDyGoKon9dDK9QRREKfd7q6frpkmL9Zefk8E=","J9RRvcZmGWi3m6s03kdaurWqQvJb9BaY0oYyvwl5M5U=","k+O9T5FpjQa5UcWAKC2nrKTs2dWG+MjCNoPLpBKPbXI=","JIN2Lwe0YFQkyfYNJ1FfncA+Z+csqDsb0Xiech0WtKA=","4Fe1AVBsh2qUl7TPG1JAgcHtn5xjc8n3Mpn3Gl04vow=","i62HJdsUujML79SjhhXjB2qL8w/yOstq0vbIquJe9Ew=","1IfbFifSwzoPyE3cO3c4AxtrvFQj+s9FTP8BDL3VW84=","UBC4eKf4dpT1tRZO4590CUrEqdS3ETY0waareSH05dQ=","8j4yT8mRESbB+HXiCVv09B/p+sy3my8BAEom0Dr+P/Y=","tkV/b9Qxr/mr/4xSVQN4Cj1IGe1MQf/ImB59NwOUoxI=","hZFj+TZ/qVikGf+cFJff3XPwBbAXKkTbmqPQLPQwe+Y=","eZaG7lY9M3EWKIXZ+rsUE2FrWIlGPffiMyBUWQ99rFI=","6hfH1E+XO0pJzeCpHiJOuyTVUFAyuWqKdiPAhIF6VRA=","x0zvWi0Xr/hA04NWTe4FsVcoeGcXeQU55uv7mkAan20=","0xCileMPXloxvWJFjkeFxDNg6YzKIvOedTdndLcoUTs=","PlfusqOJyf0US/kYaY4MM67eg7M6eyCS2q0D8PgRkbg=","Vnzyo8UI1tf60KRu1nq0HNTaPM4GDD8vpljDYnae5vg=","OOKS63q7M/WGzviyyl1716ue1+xrmQcWyYqAhpv5h4I=","QyK11Si5FCwffhRw57e8wvY/6JDD6q8ZyzKQZBJamZc=","LDJ4lSqs2Ld22v/3JkcrC8wlHXX29RGHSStQ0HIUamg=","Om9HwYeA9WfU6dBQ8hrrpMgdtGzv1Ekl3xOmUseY9xM=","CqdhPWLTZZ71+EASQmyspuylYr7MrZxqLXMawO905EA=","CkJVHZJ59Pu8qXxqEw3DzwZLq/nihD94KJKksVPOdw0=","lDZUC7WbJAB7hqHYVv+atmaiGysb350VXhnqm/i8PGY=","ZULjMJy6+pl53F8DSD2C99JWi/Bv9vkd865pxIfF4p8=","pr2VjFYYJS4Bo5PNPbx/+ttieB9RbefPBYUbM8X9rj0=","bbY90kiSOOFMtgrUfcTej4GwCLAYXEmnQxlWEjswCF8=","puSghgI+PjgWn7tECXenVBvG2GKAaZEwkgWoo+UCSK4=","D07HIkkgSRn9GBnj25nR6V9CkX2zmWEDbJiWQdg/seA=","+y3ojT2O7vQ0O7TaL5QaHqGW41u6e2RAWTEoeVLSsSY=","nlf3vo3jjsUQc8EJTlx4KV5Guo7D3Ci7ANjtf4eEfoY=","KnmxSIK43n5rpkSPrEmhwUFL8cnenEAacI/sNABBJNk=","y3X9rS/vMkIg+J4D45tPOH/59uLUjTZ4vZjJvU9eoew=","NolrnHoCm4CUanO/uFthe+C1QbdhgdCUhK7/uz0lzLs=","y5lIM8yzqgYoe4MW8BRkel5AI4UvNeY2LY16/hkxaYA=","vu042wY8JE4s/lXMB/jbleN3S+33U0oPNp8xqcc4Fmw=","CguiAgauEYfZ1yrBM7p1+giSWU6Umdr062wh1qaIYlE=","YkxAXF/JO8gl6hmUFLPq/EgcvBeZUc/DuCXn+8gNKGQ=","sPnwj7B6p4tUsSpL0bsycDHDnUmfM8DnFmTquuzWEAE=","LrY1Moy6vh8G95j1/0bXouO+kztvGHBoOHvb5PX9Jig=","ftD4tNfZjoTKMEi7cg9lU/DHEfzFXIoDjtTGoVsmaIc=","o197zg6zT/lX+D+SLQTq4dqoz+VrBJjVQLMtrWdJXNQ=","p6egh+Dms+EaUjbRjgBE4UhJk4CbglyuyzIDsTPab6s=","tNMRMc2u4H0WJoVwDcWxYpbg58RTZACj4JN5gLBP4Yg=","WG+Dy0agEu2mf+K349P6tSAw9mjIrnNez0J3tczd6Wg=","+Ey6syKZZFKrVDPMvJ1frl3jHkqgIeBQUNZuShaFq28=","mouWGMuELpypB8zORvF7fVXKU4oC8Bxrg2H97a5XEeI=","1lv3Ia4nVKFCT5Q+Ydl05YFEWw4TNs6dK8PPTZ7pC+s=","ApiOGoeQl/mAQC/LoqZRN110kwkcZxPA061nUkORt6I=","ECrGHdmNEgFoABzRiH9wMeYOQBiOo0N2WsSkC9Rj2O8=","t/QvKZe0qfldUEqn/CZ1qCwVRTTc9IXue0IA2uIbuZI=","Ik5s/MvAp3NnlS3RTT+W/YkjBajXkDzFa9jGQFYlycc=","TPsJlKwpzPlYCJQ6Qr3jC7YtBO0LJlH7vzGB6oskNLY=","nwG1aKKYsttKqJNjz4UnZcBELv1cU+ajHrDhoGARHuk=","7b3Bho5vXYC626NY6foPyFQG6pRH4WxquBVIF2aXZxE=","tsHHEOuMNoYmpecs90lbxy9Y3qE5g97BpQBcLGw9UIs=","h7305CO3xn5eJ3b6HrSrmBrANhazCjTswTO7OF8scnM=","UF2YJiPhV1/i1gD0ue/i4Nf7G8eBby6QNma2LaNZ9zE=","rdEkUun6yF3RvCJSg5K/WoFikLDkOTQsB4K1hEsUXW4=","IqDgGZKA+iUr4qE1Z9ji9mzzsuGY72bItfow0De+Zc0=","xcp94xEbgo+DbEFNV51i55x6HqJKSf4XqSXiICccKwg=","/2c5aIoJ0SCDZ/qyB63HI/xKWfwvRM8jNJmQ/JZeG0Q=","NpUCagWzRbzg2+SX9ZSyJ6ZQIfl7xQmg70Z13c2pCVE=","0nZ7i3mJZx8CaBE/qLnukFFMYOqVEs4bmUKxQkOTPe4=","SzPGUItSNd1j9fs7y2fR0Iro8hZqnGM9wdGMaT7q7MQ=","W29bhPJOmTLdEClWNnzygfvGLvoBfDdYB14KfGQiF8A=","7o52IvxHV8Xd7Dp/mU5kEYDM538+gLNWrdEFBfWmB88=","3gElaD4YlOS9c5BKl6Vi6o8v3p3egoekyyF1w9AL4oU=","97Azi824rxkChW5RyOjAZqapAqxtVlY3ZzUK7QMS74s=","wH6eX4jenHmSzT9CjrMYM7B6CfJc4ukXcXx+iEdMttc=","ooY5ONFqWeR6a2FaGgmXNakb8XuCI7IE+xQIR3H1v0s=","yTeVtmvX9C9ffE9qrTj25Unxn19jTO59/OvUIV1BRbc=","HrcUCM7iFXatgRrhRAtoeSSbInuoEWCFln3Zg6BlyX0=","432ng55Ala99hHPD7vB/WQYkY2/QjaBWj9zchYZGj4E=","v2V+fx1JqucKtar4m0eaKTYekz7W3g/ykfbPDIfA6m8=","FZh6e+SISK9VSgKo9i6ewSwNCESUfo4QP9TeqJBZHPg=","pI9BEdY1qb6GzwNFThCwVfGtg2wlLe+8vq3R2zmxs40=","5Cr8kVd4gBg9aJHk3w8p4OZbzMejA+4wtDcJpjrgQpQ=","m+WhVUm7HGCl+W3yjdVitOMwSjnYyy67VsJyrQZOol0=","dUjgM3Sra0uXNo1IGeDuf8NFhCAV/qr+tIDM/fIuft4=","FvCGKlkCwglwbQyKfWLGMuRoBfssBwRaawKR7zyPzYU=","K+cQe5MZyJPUvcWCdFf0n0ZMqpPUaHL9QXO+7C335Fg=","s/X956+JqLgO/4gMzzmV/HLcSxbEmDSEgeQkEH9ugyQ=","hgOGMAScylszVIgD6Go0Fw6Vbkfyp4EpWN3wzaCRvh4=","QWKpPISbhvgLoWJJh5xKkJ0DKleC8YlJvsgpGJH6zs8=","Dt1Rre6AqRrJtlMJnZ/Mv6pg8L55sdg98Pc2uKjUwWU=","lnHVs75kgeuKXWI/FwOyqYLEFw6QrMT5DMWNEMEQno0=","/gm0rMjfzJHLhU9Xw3pftrEUUN6jJ0rKxRCUvvta0dE=","OKIgK04/eNrsMdlYhP8yEdZdnXXApO2Xhw04uf+7ffs=","71UV6KRThI2sa2n9XyhBwqrGKd70oB/MJuU/WhXbf6w=","F0d7bWLwVfuVg1aPuEibpDPnedb8is+8bkfkiA+RogU=","GqwMlI2ywH3Yx8yuir4/m4hirpJDygbABpVSCXQNNXE=","ID1ohIe/IPBTvLbFjcdFtD0KQm3uPqPVinh9b6emKyM=","SdbXQykTMHAXu92vzK7GHcpNEXRlAQFuIfNNHmychME=","hZw+2tBarJhgNeIk9fzYn9SE1UmYsd4PorWNbVjZkaI=","TgxcZ6eGl7Zpl8FPCbYPbhE0W6E2EYBZV+qGUoQThM8=","v5wouBw8pugTvHX03DhP+g9dImiC9JYJTTX4FUrZIUA=","cTBCJfhmJt8HdyVK77UYMSH0cKrnkSEcuZeEXmUqA+w=","MZJYbQvbP2vNhFaFGtZn0BHtBHiyPKeWLbH8EGhg7mk=","s4gjK6dWjqH/a65FbrpONqHLnDXhjJj2vUHw+sgw8Ks=","Ldv0DHF7rBubyHqbGHHY+0X6o9fryBhD1XfpdYBfVWs=","uENA1qTaIqV9dqSWA7T6TkgUxl8o61C7+sLzgMopl6E=","xKPUaMaExcgwC35YNP7TuSUDZcgmjrC3Y/EHxBChMwM=","9H1OEwkpq+HPQOTuIx3DwyAZ+e36UQRXpuChe//+cjs=","QG4e3K6s3eZ/JUoRCr0dhpfjfErWHZe92u290HXoTxw=","RYqPWZxRpFIA1bELQ9tkiPVTkBBz7wuVtjUI2Ti9fgU=","AR5eySHN61OVgDXUX0tVrRQ0EamWJK6613rwyn6T2Tc=","aavJ9T4Ixo1816K2/CZxfTaJaUvXfJ6u3hW6qaUwGPs=","RCv1Z/UsIzKxB356RxaHeG4LuM0n9MhJbVnFRX5Fxdc=","7kg6pvDB26ftfqMWrb/v4wap5o3B3C+Z9wXkO32d/kk=","TyKUtZVuFcxEv9p4LSZfdnzon+QZR44x+9P9KN5YSNw=","vBVnpg4M65KVb6O2hjOR/gfJoPm8Eq+3BvZzjUrhs4g=","Zia4BtJYfzTKTXo5H0WfeHWHKe6PkKtq3ijHgR+9Tnk=","FiNG6lq0QirUlwJSdhG+Hrt9j66IAxacxQlK/0ZcQww=","cBMLyOHf+AHfTF+j0y2l6UbDeBlXsiDLYtm85b3MfJE=","OlyCB9UHvsfxM5rp8zOVJ4pN6yN25s8w1Pi7MDGmru8=","aQJA7r+eAmlXen1Fo6hDWS5fO/pppZ6ID2kjEEHABiM=","bA7e6x3eK4SeSRrPoW4KivdQOQH+XGqQ5Pyl4XQ+8/E=","iUX4eynQ54exENwEjXZzPfa/1GuzCbahh+McrG/CAns=","pMx1XPnP6FPwFA4p6YSD4hIF2fmbHVkpfbK3hgSgpBI=","tdaOCeQ/uwmXkiOTTHiUPHMJOwuVaS9apdjoaSUllys=","y452pga/H6utOmi5i6cE7Z9eJGuz+QlPPQR2VMK+ADk=","50pqVjSQPF2uBrmlulVzqL9qqIT2Mglr3ExvKtKy9TI=","GPti88iYprC9OrxhNrvksemhfeDgKJ6VnFU7s3+fKU4=","rR7FWfdqIXhEpltsbgl9AeK/bbhwv0JHn/3Ga0Wovik=","kTkMVdkSuuCOqElNMx4XLvs6ZAl0uYORyAFNoJDQwi8=","BaGnAcfswnPFSVKlN+4pgzgsay3e3DxE5OWtsCsght4=","wW20ZzQeWnmOEmPuMymCEzunZAHWzTAbiq4MiL09Zr8=","9kYBmNWO1BwLze1qg5DaQDew5wplG7QIJ1gsen+nCio=","y+qQhwZkNe7v8H/2j13JUABgZU7HTcXn1lNHzTRg9Pk=","yIq7HVkvmlbFceL4OTpAnR6DAi7VhvblzZg+NXITwFc=","9sOGvAd23Og4saMOHehweCqP/dmw03UIoMy6pv/Ivg0=","Dy/zOPGyI2AaWCgKuFSapsdp08rLRxZIHzFyltub/Zs=","HWap8x1nrON1I0y24OdyUQdb6NS2oFqMURETo72Y/XQ=","eJLMtPjfNxmv07KkViP3Ykt9viGWi2uTndcTIT/RC18=","Jb1zw7bmi0e8dKxrB2RLc2/2A3oUQzUzf3/ydT4PA3E=","jknIF2x5J1qAa7RthOoKDuzDA1+JE6Stoy8OMJRU6LY=","7A52ldyata3fkow3olNI4f+X5wSn9D+rJGkxmA1d1FA=","ot4dp/H4Y3nXRHbZfijdM/B14fDFYjK1tzZ01XTkhxA=","6txIdNPRvFyatZI7oiE7KD+3lEv9GrNhVBFyJJVapqE=","IjKCUdbFV0GM/UKIIwXdEwopVKeVGZewlgbJcOln6rE=","ZQwGqe3fJrCnuAsf1AG2hyUQZXBAQozIbR0Fz6bvAdY=","/Q/l/iiGu5y8Ay+hBPwV8UDPTEcgiugNMC4tJfdcefc=","2jakisP6rQGg2fOM0ob2sFI1OhXqU2KQ0Y75o96M+2E=","lZay3QwEk73i53uHqtsgsO3S/rpVkxcUEsPI9enB0dw=","73kA/o59kdpuGRo4PLQmsXp3GLi9NyvHQfgzLAeVd/Y=","0Qyr4UCdIQCswUSEmt9/Gr3EBj6R+0Em54mIQCrvfTY=","dPiyDL4gynMzzUU1PY4F9XmIwjZ7z1OzOHXr4R66QzM=","wTA9o24S8D3gHIuQ4UxMzrmziafD8kGMCBxQF3oPxS4=","1bLlH7tWdj/JnjZoBYbd+UD0hWvWnmxUWSRQy3GSDu0=","WRifwzARr8HAkGmt0KUPQDbA8AEEViK/sBoJ52+fhGI=","iQgHrDdfjCSm+SPTNZAYAo7OxUTtcKe/70/x75TXUj4=","skjQ9rW5W9xVTCM90qEBVlX4ikGcPv5g1f6XIvQRKZs=","+zdHMwheR5bYZBGjlUfGlPJtIhEBcaPet5xRgExCDPo=","RKwD2pVrHNVz9WflJ+qigaeSUMIEe45gtyGtTSSQ1nM=","FmAIKdZnUqcJiuxpoQ6F0qSvNEhYiRmb7GoLy4fvxK8=","B6pXY3BfDfrd3ujutSOVbLl5N17UV2GWATv8FUYXUwU=","+bxhGymwmvakkk2B400M0te8mAi7O4VQ3JXvhslV+a0=","t6AUHldbAcAWnqwmp+VvkibvEv2IgaV66fV2q1mQC3M=","QmIdsRPfwxYtxHs1YNaiix0TzC5lB4TDK9BhPbu4gDo=","7NBKTEHQAKndaZNxXhFWkxWS6CXZsK3cdtmXWsyLU0o=","fuyolKSeONlsufOOsi8JD7FM/lFPpeGYPBomoCzd4hU=","qh5fUsBno/P36GNCVIXoKEB4BL9z9o8APnSpv4kQC64=","G8Nq96elId2AgvCf+nLBZgIx7jrQZzwWd2lIjT2pBaA=","ofwh2lRm4BxFbMGloW+4b9ZRGdB/1o9WghoOjsipalo=","ZTwlZy1PgdIqINiyl01B98Uehu2Jsi35UsbUV6drQdM=","5PbkUO5jlGgzBm9zf2afa11V/MfP9U8ozs4RECTG9/U=","zRB87U5koi2exeN+cXOHZQstmH5TLsF0wcW3BUMrhDA=","BzeucTZOZElxWnIYl4FufOXqP1IDJgZ3vnLJs39gboM=","bUmBDLrbG4ymehGKCsYYb1JuIHVDZfj0Fjc361ln6Zg=","F+nF/zeJynyBr7t0MgsERHlXv8gATaYRbYQX3eIn7UM=","mLBRaZCXjKPWZygR7wPKVJsXQPYBif0e7U9SlhWx+mo=","B/T/DpUg4WtVt/xpdiO52nVCuD0HoRmLOlQWB+bOuyg=","eVBAM+gw1tGHfA1o7MFPrI9O7QvNIje8hRVI5gjdI8E=","i8Q97FWrVi82rO74NIJ5KLJmIXkZn6Bhy2/owuPC4oA=","edKvwiZGNJ9IiHqpc5xSzFw65tzAztVUHNeL1aVNOJo=","S58ypQhru05Oc/SDG0G3+cmsFtuJtilm1gZdmRtx8j0=","M8PnJIo6+34ZU4HfkMXV6/Sq/fSHOmlnysQQAqomP/A=","QgQkdF0g/ZLBk0wn2OQm8ZrBWU41kolmUuXFCk9WOYQ=","+fKlLXKpHG2mPTRxPerXkfDd+TwqQ8AdfYROO/IqYig=","GLuSvvzwOLwnIWr3Z76WYCPkkXF0RK1WRbfaQjvhTAw=","hhmOWKUJPhWEiL369PXIK0feMmOInov3qyhm+jM7Ef8=","SRwPJ+6qmDKkFWxbz0p6xNRdNcyUdm2clYtMccJ1aQo=","dBAYXnvLssqxKtP6UkvB4j7aEw1DxDeiD/C1+mZ8sFg=","BfV1r30px+1vZrSFr6qciFj4FUByhrLdMeGsiuNpmqI=","kfGFeWVc3gzjstae8Qn6T9VqVVzSGEq+leo2TtlT4Xc=","flGGu2wCxmPsYnGjDfSdTGf8NHrwzLHDu5NhEjGeby4=","K0j72+YlKPow24i2UAMHh2O+7ChK94I++Rr29OnRYNc=","DxS9fYdyZG2oEbT/N3xusx/bS1QrsIIkgrM06bbzPls=","IqBgQZ86bNqOZbN1vUFkRyRE61x/HrEIdsayz7KXUZE=","87Equ1GrJeD7hEAUH1LibewOmNjlM+UwmQbVCEAJrds=","Egb5BcDSrHykuZii1sKzVNWQyw91HqmjKjsXeviA9SM=","C2TsdwrmVCENwuby9g4wh1vUCZCU3papFvPAZ3Dslx8=","7o9IaGk/8BNO97gaNsEZbjKHihwtXcHMnQQ6Csl4OlI=","KEHQWhfknZ8kOVPE50eXq2cWCcnWEmWSkzXxKZBaGOQ=","rlZolAQX5OO2aqbVYogQqebEFb4PiHXfwiOqKa4VsbU=","rHAnatn4Fm3Xs9JSq+IrG+3nQhWVM6q/r7vOmNHJZn4=","VKK7hPO4hQ9UFeakkuHZI+DJuu0ie+uP7xgu8RUEA8M=","jfWbJWSCPJU0Vpj1H35BIwbX++fGaGIJziXSx+Ny7Nc=","ji1f+R+dD0SzNcsHuy4QQUl6MJotLw47XRgze8IaXMM=","LXfKzBkRHCp8EeE2nszvFcx8nB+uO4Kq88j4OE/OSBs=","4bbDbncY/0INRQpOBdylEym42/Plu8FdkDpdU3HQMao=","AachFDjrTIWdr76XIZ6HfUivrWCvGarbV/B5z8GK3gc=","jgGI1Lz3zDJCnIPJmN/0Cdt9cVVKIk0C2FkRMxuZSkE=","D7bYPYUdKA5zslp9BX+wpF66D5vIlhC0M7+xn9hUxDA=","cGRvvVQgSh0ZgNg3wAzIrPJPB42lG+7GGTHrkl4/C80=","b/Jx2nqfe//+RIFJiq5qPbePjlbCKfEuwrAw9VrA5TE=","ig66GLinhGX2p+XXVcDJ/WeG72x8W6TXaMxq8IjMFWU=","nzqsIZHMkQ1SiX9+13Swkpn6fD2Qwk52kvWDCzaKp30=","s8QK5tM29dN/aSPy93zVtRE8LK9IYLttxeZjyfTq3Co=","ENeAKvDyupk3ZvqU43JYZB+XO8jsMtdvYlWqr3CJrd0=","78cUK4d/RlnSqLJ4PSnQOLn2U/AARz4dux/DwfVESwY=","tzCoGDXwyytlS0wCT6yXjffTSJyxTQCRVKSds80/rp8=","6UgBwDYIMATPoQhEtURwDCVEDBWEcVL6MZKicR3yHpo=","VwPDgUtPmkasuYbX481fv1AP+p73VgE9Fg2hC4+HokU=","LHgjtX6wjzg2s4Q0wKuhiQf5IXaRJqddzfZPZWiXDtk=","4wgeiGn/ckuZPG2Z2+aS4moX2i9zY1pCgsFN7NK7W/o=","33LZ73Bz90ojWOPVfZ+/DWP/Zq7E3rDLEmdL2PE6COU=","x4R50Nr/ziY5xOEUq7251ZfGlF3+erp87tDBnbu9CUY=","nnrPW5IJBZ58WAiDjlgkaNvgjrMZatUknyYrmUMb8aA=","rdZmsLySSvVSHxb7nFPw69PVIRsdOnNAZPVVfZwZMGQ=","XWhXwGb3mWbSnRbBYGzRaIdCupbdzW9F9qATr+b4M8k=","hvMsG1YyHsqV6IYMII28Xpl/JLk8pSEzrxAIGSeZnC8=","1zgKXIRaAVFXXrMS7SdItbmXrkDb0B8Liwd36DjFCXk=","c1IQcPlqyoScECMu7btNxISlyhn7n79hpeZVLvptdd4=","Otuf9OXdGnAxcathLkpGT0x7nbdwrrToSeTGIurgfs8=","n/aGQgB0Ndgut0U8jNnUhPv43rbT+gXdrBLokocqL/k=","fSQ4k3yf66WzImARt+vvUdPylsaXAwaXG+WAMgYga7Q=","DnmYi+IYl71QNDuYNNaWHJ+icdbdLl8hVRTrhpvrxi0=","2PJOn0Aj5chDM0Z7/NJ1oULpBFfLOUThI8peiGi4Ms8=","Z5Dcq6YrhzrzK75BweMqRBQNHorrqgJ36/0DQ5fdQ/g=","bLdF5t8PyCYEuFk6s4xW+dLPOXOgL09j014cTH2Sblg=","XjpF0pnSiK2VpA9z0bLWdEhy5S7xhcScRLyOFdqZxkc=","amPxJOEsx7yLT9e6aj7s701uQ8fkpUvxQuK3I3v3C28=","QdPVsm9flZNk6FDb6Wf0HYq4po052z7eZinyIuJne3o=","3ky/3NPcG0k0dNxo/0i+cfvIo+0+H7MfKoFQ2wRBdUk=","dOTax5m8PvT5Tu0B+BRyuIRnNzNf+VGvHY7qbniDYlQ=","TWycy+SbH1Vme2/2JrxucKuvMGMmq3PPUE0YJs+hdhc=","bZ52a7IkaAnZQRM6cJXsz2SgCTOoPmqGeSebSOALwUE=","YbnFumMgtX8EUFfEGmlKj9tuimLU9io/lR4nGJstzts=","vMdVUfAX53XYDYYcKim2wKYqAHCwuhmzWSp8u6Qfsko=","VI1mMuiXBadGfi+lNEcRaWEHVo9oXLJet/ROqpqSnfw=","pu9Ial90NjXSrbK5yFFlYdaVX6Blk4TzuXG7S1wXk3A=","2r/e2lQxQS/4/609jhGFzs8uzcJZZNsiSM820U/Mkj8=","nPDfmKZzvgJuvo2dcAugQ21foy8LyHWpuKo2sTKlVBI=","rcMpGTUmsJBysE6VKaLZ0LPly6aJxd32yCOpGwESVzM=","mcO18tKI7EztIWg3BYsFUUGcf4MamMupo4enGZy3CbQ=","cUwZRk5IjaD8kHWQZXcwEtF2AB/o6tS+HFz6TbRouOs=","QilwL7vG8MqbcHR+YEGVqnsDXt5crDyZX12Dgo8lnAM=","Kf/mEdtBo95mYkw3WpRCag/oGxSjW5xIu6HRqZu0Afo=","noWooHNZTQm/u1k61QjrUQ1NEPxN/TvjPyRa5kUEmAc=","Svn2U7i4SC+2Cfu7U3ccNF7QTA1+/3bh2StGBU+rwPc=","BP6RfU2c/eQqPl9VMAkFfCOz43QrgGH3fnEdl0ozmqU=","WNr61kCj1Q9XvRrMjsYwa7NJZ+YqvNqKApPbM+tnVHM=","sEdWxw0ZX0WdaSgjWLJ8zBRDWb+OyqdXGopbYjVt1EU=","T9YzAgxUC5ku/cRzpgDHsbjj55BFIksgDshd4w0ed7Q=","6QlGW5KRONznZa1KKnXsIQmbwsnhaZlBFU0L/zSw0Q4=","IR+oqe5A8JeMiUUniv2c+WmTQrNUIEyqjdGVQX1B4D0=","I83IOi7jNRwCu6vElk4R9mIl6HXb+XdTrS1iHQcdCzE=","ou/q5Xke7zux0oSVidAvcTUXCL1ZpsOruRC39OFnD2c=","U9yGhskrAg08gnL30YxhSgy/syhCWjPVU55nupRkZ3g=","Tk/hgFl1HS3JuEIK/jku3BZdM4rjr8/Iu77ZZOuW7lA=","Cuar67U5e8d4QwqBxfIPy6j+zlBelU9C543C8fHhc68=","pIbJs7AYfPNsnse65zSOahcZNp0K4gdSJediK/Kvoyg=","JTQV4no6Y+vQDGQ2I/E5DTIPKYLkJpw+31MkgQPLqOo=","Bli1htYK72RHmcTzthQiHmiK9YX9N25r2wCaHTlfAqY=","XHgzs+UUMz+00vlR1q9X2TzRPqXg1y6pGL4dTZT7fXI=","ATwxGq+EvfBK6aYSkPd0CmnhfywZu3OoKf8PZ2P/DN8=","A+ghAZw09jUw+bLWSBnfkmIsg9922MCrP3XsLxob6jo=","lGs5ao3+UZkkuYXD3Htyml3nNRl211q5s+t2G+Et0R0=","NG3uQgwKobs4C5ol+PQ+xUYJ3HiskxQDctrxp/FrtQY=","nebs4FHmVa27HaQUbAlw4MfdQ5hsLQKTA/iYSffEuwQ=","bLSB3UF9VhSLfcEDoMqgxnmBZ6C2/ReGZVsobHirQNg=","DThYxF/SvUu8xQd5J0IZ4H0mg5r9bWEJim3XT41apU8=","aokvnr76PxBj+0rjxBbAaqlLZ2JrQZNkmxtnK8qAR3k=","G5AEGlj5oUtCKkoL2K+HsBrdk/ZUt0et/bkufoI/5So=","xsjV07UvZY5whzkYJDwyagRzGDFx/xiger8v/NByQAw=","EsQ2Oe/0ug7fmQ5ZsaJosHI6AEnX6CKIB4xafNVLgos=","rNFkyNkyXoVO++Cm8i5JO/BE7FWSRc8UfGh3FxpTYiI=","84bHnNfRzt8OZEecoM1o0eZlcUudFyAyBFN8nVwS/iY=","f6PBBf1CiaJPdv9tz/2o6ZGReLkUfxU1znt2WTJLVLA=","oyPbhhIiyxf802eTUJKWGDiqnp/V0t8yPyZvXQp9H4k=","wzj/x6hAljyn8HqglvSExNV1m2iQ15iIowB/EkmA7dA=","RISAwh783kmQSxWVnPEG+STpKrRvt3yU6jraBMkOzlA=","GPzSC8Na4fCBtbKR2Y8nBRrEj/3k5y3LD8lt6B3eVJ4=","yJWs2qauPkpoOe51l+nl14l/ThNpKi/zOhDM3yx+/x4=","KOHrrmflCuGMoG2v0JiiXm8L/+Y3VUI2xR6/Eb4soaw=","Wy6+OfxArq3gfykba0DJPdx7wvwV7HUDKNKF5rTWjds=","jzOjtkOyRTf5uu1NZGsdkHW67rmvqU2wr9VuKOTd1Js=","SETIDZ3BP/T0F8q+ers9KC7bEYhZGSP9L1Sm2x83yYI=","GiX99BH5z3Xe6H56gHHBeYJfiM7QeQIdq6eUrQfV72g=","TPnSv/SkjsFUfGHVCYp9clI4YjXiU5EJZXnNvRpStUU=","S+PJsQ1WROx0+gK1qO+/l2Ey/NJAWZkm1zuMrNfbUOM=","3kmt2KwXsT9xqI6CWHN0TPHp6gVF1wfEpA5ZhtwzWYI=","rrIwT3mVB3rDBgtgsRb+VVLVUFkuAM9ynWjU1EWqmcs=","wJgv9p0HL9cob/SdFV7iSu/x5OS7aX7aeNLKcFvaDiI=","51k/eZGg9mju9vFugLRDSA9F6MmXjhvlBj2P2J/SZkI=","jqKhjtR9b9ZacKAEZiohodYECMIEKQwJVkDvbHNs6gM=","+tv/ktZBlqMM4OQASikUwwIITxpDR3Eko7e4MEwYm54=","aHyH+vst/sfNViWxbsJaLMpaMNtdIuinKX1PHYECzow=","KlCDpWUEGtosbY553kZOCQudJpG0x60U1iQ244A6Kvs=","LHlzGJSkoWYTNxl67gViIVTn/0TT/7HLsceI9GctZms=","wWlRodbO8RTd4LSr61RqOQK+yTVT5+t0UDmEnZh9T2U=","1ZX/7XwVs1nyyFqNRV/RNspv9e/niGtJ77PYf6USqO0=","cbHUR54ESFiLXhy1DRyJ4HlAYL+b9+z40FDiWP/rCa8=","D/0bv24yHlKtHRBtKzOrfU2GskcyKaDvhc/mkO5GvrE=","Q9JMmrq/ss5Uk7h8AAnbvOh+pgoYAUoYJGyUY2OvO6w=","/c3Uk+jEUhKfCx1jrqlHT8KUDy4LdKTYn0zgKgiDedc=","zmpmMeiHTpn/Bix33hrjpiLbsFaGPdIRwjAkruvUlqg=","/bDwA1eFbykuw8LY4yc5U8oWJyS/VLARMo8iXV2CbEg=","xMEXyeegSHDvpAUlQthmUu3d8oRgXEeQYH8XtUWz6yc=","Jft4ji/k5WgSU5g6KBwVk2wxDZCDuViLHmrmolLTi6k=","yZCYY/5xelEskkwKFOF77VfpD/R0BcSyRiuyrhQL4Hk=","luF/AD8u9tgoWcpTYwlpr/D64TcsjgGqOffuwsL1/1E=","+ngKTzjVLzMTqVspgW3tJM8tQIEB9QWLgWj75MMO6ro=","pRrmmBk+mSo0eFdlvD+4uE7+taKXKxRZQ2bXEdibve0=","VCQu6v7yxAc3hqTtEs16B2Aqp4xr2B6uMKY67aihBNA=","ChEHkW/gOD28AYSBLXwzpNesHAqYZ5OfIPvEnTogYCs=","C0/GakGy8j6i7cLcFwReGK2U8q+5HOFUX2IkhVW3Gtk=","CZ4yGBZVfqYy+m3NTglhzoPrmD/Eg/cmljfdipixBiI=","5karOoGcAJj+HRqIt54DFALNj1MGafb7CLyd6os0JNY=","yQDvKe/U72AQ2PWh4dAVG9vr+LPh65jfnmDoweOn/gU=","CPR2dxsPqJZah8SJLTgFvPr9sni6/ysHwEh85OETSJ4=","J7Z4rBvF+csW4ymJ0B2HDqLYXmqYivEtJq0TrFMhTCE=","0HLNPGZ/won/E9GPiUjnjqBGAhxbIizOQB9YovGq1nk=","FVFpvhcZfga66IZEOVeoJQUGZu9GSXDDmGEezWEVrtM=","if00MMZbREPb5qyWBYjmPw/O3PVCBsSwhvIKB1qeAJo=","4dbF6X6IcReaCUaAuYYkDgEu2l5DtWUJKYJf6JRbIJk=","yOXrOBXdWn2LQp898sedtlKS827z5mwprrvw3WuaXyM=","wTF8xCWK0nfXHTlZAJybe7BaUTCe5Kxsjygle4e5qLo=","Pq3Sr0xvlCOMzixHW7e2TRlBQXLUKocUBMWzb2pSy0k=","Tp4+txHz1m6JpKyOX/LDVqb3wp+OAR0F/ODa8SK29Jo=","xuhT+jbzAMo89eK2r28xve6XFKsUDsmc0U8UM8Xntas=","/Qjbcbzk4MWUtZy+DjisxymyQceH6hnxOxi737Nh2y4=","lpNyMQHUCIlz9sESFfmumCG90UnaZU4fkS+EhcFzo9E=","zwc3gXKCAbMt4vtlieOdF8xbjZocm3sM59x3LVyqtzo=","vCBE8uCSOLApaX3xmZYQsNobbpXUrqZjekTRn7LV+S8=","lBDeTZYGXZAgddr3SSEqLoXpprf7tzxga/6eIve61cA=","gllaQNuPZtNakGROuJW/EdDRb8uGg0dSGPhlAx06c1I=","3jqkc/fxh0nr5AOk6O281Dyr8hKpGn9rkOqQxRrdKVQ=","CgYcPwrweKvfSyj62CUxy4XXMJiLxMyR5RZ4kzbycrU=","DpzmR4HnvAAk2GIzy1/sYMShT5cIbJNbLxvLkrTWZQo=","GsDR17+U9ueMdHcmFI/lk46Z4ywEchaIGsFWl1GJPyA=","BOufC1riwJ+4XAkVW8KKmkMA6VdX82eXhG3gPya52j0=","FX3sBjKg3CxbzKiTkLZO6mPN5mCE1TvkXCBtXSrptFY=","kX7XLYJ/VVPuy0dbl0uanJoC3kB9nT9FektTEt1Hf3c=","odSAGk6OK1l7AOtywlmpONOygZbp7f2WcVkAWVA1DWg=","AJ38eEhCg9SF8cglpGiAsNCjckQdtcq81ycT9dejONs=","w1KuKogOJtDNbfpiCWEoIPSDaS42huargaHtYg1U5/c=","eZ3C+OLIKn9FUMo2ZN+hs9RHMCnMf1FXDQO5fvN07Tg=","RowjkypdWn9dJ8cuCL0KCyNf82lzknrUqg6En4t8kv8=","oTTrwKmb1GrDdYhilJLs1fPdpUDW8YcVT5wgxQyPuAw=","QdJiHwlr9P+UfWQzoaCHaz62oRjl6H6jIQclygCstk0=","jfUARc1xUGoIRQX1r7aLZh/990FHhsJooWInGO0Wbn0=","4v47rlOIIdy4zfiiejic62ArwSYzeJgzgt2bqqYoVc0=","PF1GeP3eqX5atvUIUv/MuZwOhsmQphQpUHN5Fh1JT9U=","xsgObGkBhn1Wq+jpJqSSQMPCCJJcT7tLjE6XnucrBew=","K315C5TUGEIngH9vM59AtMLGKT+t3cdfINJe0VhNoVI=","CUOXQmQRJa5mDwQ6X2C6Iqo07Sn67hW3TTB2RPS6rWU=","L+6Tk364DsaeT2o6ldLuk5omexM8FRRor0xcRDbpGDE=","SIqFJAODrfB9ZAuISinrihpNPGE2BmX1L0M0kXokr/8=","ABQ7w1jBkqCRZfNbmYtkVQO4336KHuRwXLxnm6uIOUs=","1RA9hMZI7OyU2tFvH+4oR3d3Ouks3xYgwAw2Ed/FoUU=","hKaqiciJO3/kDICV5Yj76QjjaelBJaWidA0NG7kUAvI=","XOZ17VMjXm4DvJihlkjFzzSxzzeL+2pP7j3o0lah8QA=","QatY2mJhznVGjJkKxdk3bCKTfU0poO27wi+3LotmI7U=","WzGhT9E9fNvZbnogc1b1A831pnQZR5QQtvfTMZBbh3g=","fJRoeZumwfdY9quyNuhx4d46jSgti0j73yKl82kxEe8=","hYCrkggCzXEHQ/NCAwxh3BRpCV2df/+Fb75A4vit19E=","uvai5sgCugqmru1wDWHOkpSlPUG2UCiV60QmKYQzzWw=","zNxlhUt22xJmlDQtOqCcrHWD87BSR0NMFHVJqVrcg8c=","iFdGqSz/HQl4ddKrOmEFn8we3KM0jEiXbitO3jai0OQ=","+cqhMtQm/k2wL23aOuFlWoogxrCipC58lEobcblcaa4=","weNlBsprwUe7XuEERIgi9oeqP2hIN1ngd8Mp0iG8XVw=","f5f+HdAFJs6K0LG58gh0MtRZBsXyqj+Z7uM3WvgX11Q=","3oB5N+ReZ5vAaC/VbZwGuou8K0pY4P7b5ae79PN+9cg=","tr0wgIcSiBD5xtx3l2Dkn4fSEvsXd1d86zWGyT0lBjk=","e1Rp/0cvDn6iCduszUQCVgjMbn11bnbOrvY6ZfAf/rg=","nmU6BUmwWhiO3gQ/2x8S+dcbORdSZap95iaj7GbFfec=","KOQ+jyaaCwD/9zpJOipllPPJJGoxGqewWvRavxSI+vM=","fAAGmgTf9mbuZ+kBKPLxBVve2RGQhmi0NX0WXOlXKN4=","hrnhPq7yHzXKmGySQ6JxpIfP3D0MXkajDBDhsWFA/60=","/YLbZrk3/veE0Z+ZfCXDp2jdkK7cc5qC35xwxsrRL68=","CFNcqJEBBM8Nw2g3Uv16zZxzrw6EaFYmkbH1TbanPjY=","JF5bs2yA/2zekBMmPy5mkwv4E+p6IjzAjRaXtAKIuXU=","Pm16d5NWb61hqrObAabXC+Pp8hEfubRnxfM0ly5ROoE=","JpuQJdo0VsU7SERzL1QkJv1OFo589kFQ2/Ku8iTAFv8=","YVN3KJzGIFoXq4VWTxuNG/Aq0neZyteCmtbXGtR3q/4=","+m/TQxaPis4wBlM8Mf9v6MT1klOEHYKbmGWBoQOTYRU=","fkBTjwhx/C+VwhQYZV9W7Pme4kzyisg6hOC41DSBJIQ=","WJRLoj4CNYkt/sS+27pGa1nYC09E8UsV4Ag8M6UG0d4=","aIV+djLGJ3FKbBwqttcDU3lpxsQmCd5Wshxrks0STFY=","bkyCCWdNFhC4Dj7Xm+kgyrYAkP7friKENMzy3EMx7Uk=","734y3tR5RUYk2u+S3AOUmk+BfAKNRsArdeNJWDyhNkU=","Nonffwkx5GrfL5DP9I9TR6IvsVTb1RmCsyNQcBtga8c=","CE9sSZocC7hUmvr+g0rPVofqfKkPRmIRQ8l9BamS5sg=","yvi8CU4s5I465jxFsXQlxbjc1fowGE2M/TnOQnKYI8U=","LHUIelZGnuK7klgp281IMqDhMt6m/a1IXpLWj+O4Aoc=","wDf6GFgwmD8mDn6lvDAUAiDSAvVXAjNFmtwKhUzBNUY=","Ip2EGHpeGVlp+6LnpFh2du+dj4RK2QO4Ah3/TDaPjgk=","4gqyiIBsdIPSiOyLe45oBgOr//fgcUSDks7TXXOsBH0=","DbvRla6Wem9Zgpcc0xzraDJHeVi3h/i3hWixtj8/HlM=","FGrI/C9JqNrnU88jD4n+6mOX7uvIrs2/0DbZEVFycQE=","vPCraRx6dfp+Rr1PSeCoSsPiVmlrasDPMPmrKh2C8vI=","rNuxKM/vMmjNNU3/3du/tkMu3aOcSBY1NVWMPE5FHuc=","UA3Au5pAvX2pY1NiYpjX0ZAdofFw3fp0VGc1ZaPvzvM=","e+dnkJgPmXkvf0R0Q+N2aVHnjVGqAwDFk1SUIIfHfgo=","YaJc2tCTR2c6yeh4y3Yx1iCWyjUw3sDYFiJUAB5mTmg=","c+m3ktq9o7A/aPcxgmdKhBl0bRfeB/EFdfzVfOlFaNg=","ov3cevxAyafs6gAVvimRpqb0CqhhtnlCk0JdbAzjbc0=","+THXt1/xD2roM+Bj2zzwTl6lqQ2vE9xZ77dVfh+EIMY=","g388hNJhRbaNCpp17Sjizq1YYoXv17hwQ3J6Au/X8v8=","z6O+B6gTeUqwtUuu+gqdS5ZYwOGaL9tfPs2YV9tU+tY=","Jo2yLKc+hRZCae4SSjN5aGemIz98APmC8HtnHSu4qhc=","CMuXrOXpYDpwBATYHMMGbvq8Ohi0jcoxXN17XGf4zGY=","GKUa4y01hJokrvfkYGn/HHlMbN7EKWyhXDg9LW5qjVo=","lNL8AB2+25fr6Nf7EqQrf2fKKHhbg+d7p4pK0X6qMkg=","HE8Te+c2t/Xh2otMwelUaaIo2QczEcFtZB6FFg+22/o=","ePZL0FuzuMl5fGTqM54m5S0sruQc282y6X9oAKnLElM=","gCcJAj8E0oSwOA83Gu3AOtfcqR7KYMl7ABS2K3RnFxY=","o6MZCS58S/reJ5rgORXWwJW7OU/PY6BKoRn5FSlsrR8=","AD3ssCr5MjSHRJi0IUyg4qKpwwdf/pKFm3OKgwBkBUE=","IrqQX6m4TpHZeWH2WeK/w5uewFZTfQ32j9xXiCuUuPk=","gWNUzH8L9zwWVYFHc6gTPhmALMXfWalOxUZbEBehEqE=","kdP2ZMFPbt8x2IBzjBforFl8rxc8uM5q0TFtLbEViiY=","68L9VYwYYGinZwwj+aPgnHDL5/DgJVqPNNIej7j3YvA=","0z7m+ELvvNO97aY3V8o/Gmf4h+dt8Tb61uT+AP0ZKvA=","5G/E7CjEusfqCngKZDVKHaTTs24Jq6PHUu+mHlMqQ/4=","JCkZ/11iCln0UAkTih/ksV5esemrGlJYr46xxWcySS0=","ANntC0srSBT/oQvxJoKvlG1ZAlyvkxnbl/DTs4tMzkg=","ed9ZnM/w5dvQpVaAgxnElsd88VlRHyrr1Ct5rM/dSuM=","CZ63PA0GoaacZudD+vbPA1UU/aW91OJZ6XoTlsc5L9Y=","/9qFneYnOGAm3edH/0EEEeMjfPau/qI+Gtt1fy1vhwE=","caMrKFFTrfQZ4vPqscAXJFZ+mve2wRS10TOtL/J9BDU=","D0041208MTKOt130uznb/icOekrEoJ/UgqfwKhf7kFA=","xTr5ZkMMxGBF3U9yf17B7ER9FCWzygT8HIcPYaXQhfQ=","fGe9EqUEczmoBp2i2Gd5edZSUnlovOVY3ZVmF15XK5Q=","2C758auSbQuyT3/vRWBLeuHJnkY6SbfibGk0Y8kBtoc=","TnKvzs0Qnel53XBcg2gg05OJw1nq5i65WdpH4NTEjzg=","cBonUKZru9QX3fXNwsdS0R+nLfx5iMsv2He5tCWRr/E=","qV8rr4GfqRM/fRZfr1m7o10zOlTVT6Vx5PZGwBr1/5M=","x21RHnBj7FbRxHrvFxF8O+IzF2H0nzzxX3bKVKomotE=","bksFtPQlqjpI5GmZL8vD7giDrZGm3J2qHx/LclYTJ2E=","JjO8strAXxwUXcWyKZFx4J42NG8lY8KEy4O9VVebYG8=","yyvkKV6LsDs+H+YJwzKqPNS35zdRP+MSVP789IpcF58=","QTdA4s6GpkRBU0pmlYRjr68lDOqB1TkoKODVfSKnq2Y=","gXqoNWxLgeX71g8e++mvQQp3w5lmw6ud/VTMsspTFHE=","ZaPtO7AC9sILG7F2Ma5a3bkxbZTV1KU3GVfKvdU8sDE=","Diqti01OJWCDZ/QqRWpPI9qQtkcUkb43+NGH1eFh/cw=","CAwWWxCoYClNz2j2NjHDg5qO52dnOfGNaTT7h+81X0U=","ez2jU8teUym+j+HBJPAOSlemPud5kFqCGhhbvP2sy50=","4v7a4bxjUZtMPYOEQzK++YLmLO+lrgmt8qYF7RZcYoM=","LhitTbXWZNpj6yyIXMaMGfPKI2dT7YggE5kFDjVqXEg=","/jQpZzSiBo1415iEPu++RqTw0/zRbMRCndZTqulDfTk=","DlYyhRcGRoOHcQgu9CDVJdQVGoR6FZeSmOdwHi+4yPY=","JjZnfXPlVkqYKSVkY0LTjCl69pOdJPMP7iZgLa+eHeU=","A3xxr2LFy5yOtu6xBvKaDdZW+u9qDYdSVW6j2fJcc7U=","0xiuTvsBQxllCBREywa0N6RG4BvQNKfwiwPMxCCIUOo=","yT0K1r1zQvFXaY52wIPSLllS9pY2Ve2m9pL+DNqal+8=","FjqWdgCS+VGOjT5jUtaispWsK4es3/8lMZXaiOifL4Y=","rjnc4Blbem/PvK3uvA0ILKCxjmKIF7MkX5YQ3Z4YZb8=","C9zVVJsVoV1KNJNGT/VZcfDwJgT5u98cH4PnCbjuBgU=","UDv3r94B9lcIpE7FGIG3OD4zB5idAE3cLVpZ42aW/oI=","BPTWg4B0nLzNaR3Et/nOwISx4WBLDvjaK9jXaISEVSc=","2q6KR1q9z/citjN9UP5yiLojm6tEewBlusP3ydBy9v4=","gxB1i19xG0AAFT+Gx31y8fYc7KxPfIhHchhPJJEZXZs=","ubYNR3V87aM4vczcZIphm+S12R+elG8SjXiUf4mlBfA=","kmC2+t9nw7RADHNRnbhZ3YyyVpPTDEW8RJMhvQ/9yuw=","VLaTZGw0ZaaK0+glwu6GXiTX5oG4a1JYT1UvjjD7ZDE=","GMU9hDOKK+xEdCf9GzG/oQNXWGllEuUL927Q83bmLQs=","lJqqUQHEHARVDq34s4Ay+TFP6ipJio3DH0nuiNCZpGg=","SFpqMDjrID3u9hFazsR/ffuh6sUqXCWdincUTgM5AF4=","kO5pDaofhR5B1cLnG10yJlIDWy2B1/ajbPAEb24Jd58=","Y4yx2BjxP7uOCtwv5n8eHQxWwH8SsyNf+igONbdzIUM=","gaXfgKARBFk7PP72mZYcykmjqRUBUV1ir9KE8gChSEo=","k/C9eiM1mW8zcGYRqtbxw+sJt1IrrZPlT9b+xaM3/JY=","heV4veIubyZKGJ4serERHvaXQEMyQmcWKzztOII8nGw=","YNagJr90ys4OdQ25ZHlwR9l1FI76BvsAwJ8v3M3ZZ6U=","7u9O3Ddr6Ge/SshcvfMmwbLTkuawr/Gm63s4LA2WIMo=","YIUbjk5UJXdx3RR4sxxcTlFIqr9vgfwP4QVHa37Z62w=","Rx+0M8JwTmGZ3LGIpjuAxtJQ7ezcahKaHAoy/boEDpk=","Iv1nmT09ehaboUdeS+wJhqVzJfqEVKTetm6WsScZcRI=","AEVH7PkNnC8MQIiVlUe0ekWFG6okLJ3eu9j5JJ+d9UQ=","Iv9u6WaFShmZlV7MobO24hgD4+KckG5Aq3qxDd/Vnk4=","QvTLlEeCjdXWC6/3tj9wkGo6DyIwvbw+hjrXKudtplg=","aKviT3Rv3g0TmQBEbv0IAlDZx4QBPUWqIIssR9ZaSgM=","HZlbQaTk614Z290tJQ8kE5V1d64BE4abmMeoPD/oOpk=","A/qpHCN2IKpOLEJVxemIcVj2EWe152E+X1z/5u28234=","16BcwhQz74dHKanr60wE671jbengCmmpJ4RjL9uZWl4=","0IrBOnyFF1nvLoG7HafyHevwHmxscmVGDBNTLY/i2q0=","8c0OyniWRQGAkOcKdNTVXjbi7IOKZG7zETyIWNSeIjE=","NgNkARscpNXHLdYVUP/+weGQOD3tV9FHreiqPk6jfCQ=","Cevr+t1juv8aW4iNuSfpR6fEf63L5hIPztxU1SNGNhI=","SyvAqxd61zHKC5FF+EvZaTHtG02+FCKp4Jbm7Os9YU0=","gQR/yRrk3turZxPMPAtVxV2xi1ty5XYe9WQldENIhwQ=","0gd9zxHYkOUbghOkwX2I/OcdtHScqdms/IARUV36z/g=","pHecuyuAlzOx10GiogT4+/neULTndyUq3V75BGMhFb4=","PxRfYFwc04pxHyEL92+9CHnurYLFLj21ytfWemtEOyc=","AOtfkNKa5Jn7XAyF3SQ0prPSB7BnZyZ4BWyR4w1GfLM=","xRFz0SNI+H75Lb36kJv+aetjDNfwR2EdMse1I35NBYA=","Bq3NYuO7v2RhODDesi9KSC5uTH4tH4a8Q8as7t/i7sI=","C8rCRZlkJB/q/dClFBF54eM53XYrmLE1MPn79wYs4Q8=","NO9vpQ6ThutJPvJaBnAFXjL24Wj3NgxlkFG/sXvZoEo=","Di0DVKG7fSUnqqkVioXqImEN05bLe2Ekh8gz8AJOoRo=","3D0j+v2U0eSnDSHOcIqZL8NRCPbinFDyRdz+y3SBCE8=","5omMFgzxuDyyGjFmurSQ21Gspj22Uof90hreaWAQsSM=","bNI9GCx1Ziy5cY3TsFMBAn55KjIq4sRGmzKsbjH8AKk=","MB6vve0c3wScvmQtb6S6h53yYx3daqwKNkDsd0LBhgY=","uxg8ZQB7o975AXicaG+p3KPBj0U6tLvVrmpmg4JbbDU=","q1cZEIe+s3+Jtzckx1Vyo+6L+yj9+c39Nx3inE6b9Q0=","NnUeEiWsu08zOizMHN1hhCewZzmzudUHW+ZazPLL0aE=","HYeXIIulO9FR5oZVWCGdxYsuZ4JLklxwxxvk8LO6lVU=","Aen0yyTT+5PHac9Rp4TCxarbQdspGmEH+ebYe8GCs90=","CismA3W7Fdbe0kTu1s7Y8Aubja4Luq5CBL5YBmF1yWE=","Z2jxKcsG1wt7ZRL34PP7YWqdkuhggvop2m3EOxwwlf4=","APSk5FYgkR/aY2vZDaagrio1fkLzVmU/b7A0Iq9xbKU=","DNO7RusEHM64m+mTb2ug49oGP9wTiaOKKAMdDLi0gPA=","AKB/5j97R2tP/8wtiN1IxJ+nUfR/Ps5BKvYFZYWNK5g=","G6Opcehy79h7OTiSgovdLIUZCfU4y3jQwyFghIiRhJ4=","UixUae53Mp4tC8dGn2HYdsDNfhQLdbbeYW6Tn5jUmZE=","sfnvvFY1eBR6YIiYVbtqx1CL1ZEUodONaPgrDxqFPH8=","97tqck8+gNKFoF/qOB4Bef5oWdHkDWYrDEW3ntrDEEI=","0GGlKICkGn5Ss4HVq8zgFP00F+yz6mxfpDWp0gQo+PM=","1iF6iLNpvOT7uKI+GJZL1clJmguKLdcrtRfH/VSNvY4=","Zn6Smv9eKN55ony28DqetHu6sPrq8tUtMqQ1iyVLp8k=","4GHRBzYarb+aCv9Eck5x+eHtf6YIG/yVGttF/zjF9LA=","QTLppS8biob9NSmbUqyh5s6O6Oz4xOhXzbmWJYPbkrA=","to+0nhbg0Jq8X3wAnOl2KMHjzG9zlyHAlG/yLNOb1/Y=","icanUHd8KXGVCjbCTRuEPG6XxfXt/VicThR/c/uviC8=","m3rQJ5q2ztSHqdGfGw8aFjFnGD8zwffAMStCUimA34Q=","nggN0mAanoTdCopF6ccILicBGUiahdHCwvHFKDNAm+8=","ARPQXYED+B3JAnnLGAn/s0sh77LJkytN7ez0XVvDf3o=","KNmHYKOxtrPABry+Y1FIbqegr0IR4SWoSHRz93FVqfk=","/4f1iZRnrVO2yIiJyO4p5gPHKetxQK0axfB+wCXJKXs=","HBKmfHp0ZYl856Tt77IC7jmT3J03ujjwb/Mc08H6SQo=","47mQLNWIJcOYtGwk1Ity98PmAt0+7JYtd8v3IjAa2aI=","6QSc2AP9Vet6EiOUzcq9cVT05K/HLcGlEG6w6ih+o4I=","Qw4qiKmwnAx8Svkb8Jqmj7HX8HZshjU1LLezVktXF30=","RS+qET/X7OvBIjDmpvr0T/ZDRtBbSTcHsPNuQtQA0ks=","sgtBrw7zsBBLtSmb925UP1HFL6E3AgJlZTJN2qvg21s=","4Ihts6LsH/WYtdF1UWg+8SptxXpKKGLmBs5uwVhgZfo=","6iYSMfLdHNaH/PgtGtkdqdjlcn7pBdMuT7eG3B6W9ok=","dFm4LXH2hWMyRluulu/TZKW2o9ITYxyfwN5KdPJFizg=","Il1REKq3o8Sdazeb7hCp3YbJDRoAgFPHnT59ck/U1X8=","y6KxPcFK9bPV4mWfe00IemXhZHPyp8oiDQkSSNRz06A=","XSZcY8hXk6GCz6e64m8GNu9+hQ6crgQCmqH+Rb0PW5g=","IaLji9NEmt2/h/nJu4Os5n8YBMNHdT/j3vx1dNffNDw=","DPDZIQYDjVFq8IN61X7uRcig0aFGD2vFaPUJI1Al6Rc=","6sYHFeXxZsShTL3Ssu2SkXM6BGH03w9Ai5EH1qaaBn4=","2eX6uCoy6j09qTvj4f4jvaVydms0zE28V93GZiJ95mc=","cc3chnAmo6bD4PM+sALOHVQ4fM9uEI3zewoGzZBFIWE=","97KcUo/1bVyWcnNEkMoyqIwbijUXzaTG5mKtDVkkJhM=","grvIbrTWlze6Cs8DqoM1vNcVAzsCl86DfouKb9R9vmI=","5Pf/Q5Vm36NqjzbVDAYVhHtBmQeKiKtitNN5czhJpw0=","xd1rHgFHeroDuXliGe5Zul21HH64tLvUoOULEIwbxGw=","7D65VcOHqhkx37hcEgZGFxhB7FYO2lWEiKOXeLI5pQg=","tmnYv17oS5qZbFGH/Q2AgsxXYdljzH9PP550jLwLy6I=","Bqs0ws83Sqiu095/jQUbzzF7YG3Ep4BR3jOmReOOaPY=","PmWMzlqR64DmQEY1DCsQr1r1qwUlTD2q6FrAxLEmPSc=","HLAuL6zj1hkZdN53hJAUxlH/PSQd3sn2Ce0ekUin4UE=","M4z6p22x1emipFF9NLtGoBkHne7sTavhlFOYoBHMUL0=","Y/t83NswkpaFCXylW/WTw6rhqZhCWLyErQ7dBK4d7tc=","s4ktw7BfDbcZnt+xZPSyVegVCsCnDP0VCQZRl49O7Zs=","RW2VeXVE7lAyx5MFRwXzplm0CAOsFXvd52IW6XgKTVo=","pEDje1yCklm4ZxFpiufd0AyTwTBQ+giDJT7BaC9Ai/k=","qRVm/s2JtvRhMEcGERonDUiRlAtntSixm5YD3A+wYMw=","+pSnLwFt4FkwE8rrYawRfp8FJFsvNUO71u9Q/j9Dx6M=","PV/CgURNjQmuqeomTnyd0bdb3cN9tqN2I2E9CUqyPzo=","ghzISxBVEFBFQh0Jli1pp0tn03JMKPEy7iPfpARoWrc=","qUNuS2Mlw1k9vIdNVs371TAF9I/nTcdjHHr8zqbKl28=","F4U3NCoYJmT2zgJjuouAqLXKQRscz85CAJVoiZJGeo0=","3K605JVE1f3ai7vw7MD5rirrjF1WNRwOMLGjVHglI+s=","1g48iBbOrbTemrURAJ+OIz6+XFP1uFX7/EiGHhkRxPA=","NVOpPYNZEm2RISzX7Usmx8ahRkpG8tFdAobuV3ICVL4=","YhOUgfTk3/l5X/PwuO1nvFTjM4XGOGkZTM391/DGTKY=","RRwG5FKp9yssENYOFfGlFtZmda8uEk/XS4OwNuCWNA0=","Ydw0nW7Wct+HAZvCz9c5rGmfgoZGCnzfqMNkMfryYFI=","0CeFMtiYcpMlytrPV3ECgrpfkqJat3tIT9vljWxe72o=","XsnMVEaVyyB4aNmeEnJYcNBOYve4n0fqAnAZkdBr2Nw=","5HeaO4VJuH4www8aMI9X9OZ91km6WjKO6IW5R3YlokY=","Q5AAMe3KRFlGoXt9iGwQrYLo0V648Q0bMWIhbGdP2N0=","l4VIG0cXRVx5VKQGyMYpH9+ctPQwuzdED9WA4JEJX6c=","alsf+qnRZv842UoPycfHSkQc2ATiAlzSm++aDe2nuUM=","5vsjchjjg3TMZS9x4+CY5hppBJCvHB1Dv/4CVQqZJjk=","BTozOSmLahG8E+OGNfbnKLtOyGiVI+zzpw3J53fvxos=","SNGDvjwHY9gIlnl/6+MOdXTo4CEqiXX8qoN17l6312A=","n23CyFAsO5GuQttYuSMlWuHYo/DWLLh9Cl4VEiDrniE=","Ycin0dFAwiQp13Z1Ck9PrjDWD2Bfx8T5WOluPyUDXoI=","OzbjqzSbDsPhjuMpsdVRlmXPOSjGkaQiJ46MudAjW7A=","T0OqKglKvGp2/fHIjlvIomG/L4aeLlDKIMbzbbPmUnc=","z2O+SGnbtDR3Kj1lIh3V3OrA/PN0hstiqd8hXMbW2tg=","7ernsQsLIz5CqYA4SzPEWRyrL9BYN+LjH1fk7gte/po=","b2ouiTlP7QiPurj0T4vvIlPRZZtEfzn/EQ9RfTjr/BU=","I6SIQmtPq+mvThIhRqZUtc8TBG3RgvbSrY2Vz2rqbQ0=","mXC2/oz0nei6AMzsz/UP5cWcfkrL295esaEHLmFBxGY=","UZPqO1MeRAXkjxrX8wh24//OFLmZbfIkPrZQyDAGINw=","OXsHMIM9nl0Yad3R/gXTFmh53bUaGcNNDNflquYqIe0=","ab5Fc9v/joFcrL7Szr7+kIqLtIHsTVHPEtURjtjIOCY=","l+ssq90Gigu8140j5bP3m8HvSJn4rXTVuc1OpwjUkIw=","IJ6T1+kLwiuK2f2PLk+LOAjmP/RHf3LeV9RbMRcjb2E=","kA133+ukDx8AKAP5BgUFV15sUavaUxSUOzhOK4s6LC4=","F3pJav0i4ciaBRnqG6mVJLn8AZIz/LDw4WYcjvMAG+U=","sj9YeeUm4bwC1XCc1LqmpFW+/htInVPIZlU/IrtYhzc=","gZfmQHP3G0AJop9qZGQuNUqNDAO/7kUUw4VpMiV+Ob8=","xbBIcBC8s4gNkj/ihkCap7BOPl+P8qiWb/IcGbI2HQc=","lEzc4oa26jH+/gg1L1JrUKq+zWCrccOqjlV1AhyAUhw=","XhTh6G6jYHMRkx/zSlkc0Nnrk15FQzB7g1+LsasMPqQ=","lOZaZfbNllLT4d++y7ahGMGguN309Wvf2uuAq1LUbRw=","mTBWbGkBECmfreKaHYN3CDxSOgH328GSGcO6LSsgpdc=","5Wmw71F4WwwDDYqAmmOK2Xet5IEsCGIDG13xTW8GM8I=","5KhUIJZd+WibSzg/O9ImZBgW0uFwOJqXr5AjN/wb2Zk=","4fA9AJ5z2HHKCaG2AVWRR3K2SOC2qMJJ99JcVIlQ6K4=","w5bLuO8/8JyqtGTV4G5V+OuNI+Pk8FwrA/GREK/Ub+s=","PjoqrNGRaup5hgny27V2pjni4ZB+Jg93fVI9Be/gQYU=","UqMloFMH04TR145qwX68EQoNyffsPawX7hEILhTTMfE=","nl653tEHnSZz/f93r5s8Okp/OjDuk+RAxz4dz81hBEY=","Wgm9hwYjwHZsUXEfIwqYnQZ6KT3MbApzLrhiG1Bvzys=","F0fLA7QUMDuBC99HfAFHKfbcedcrPkPbAAzcA0MZ84c=","jw3S74ewtj6FVUpTx6+GyW9sxh/M2ezFZJbg02Pshcc=","MGT07Lg8PJmm71J0APySwZRygpjGdYUOGhfz5DuVfuk=","phuUw3ERz4elzOs/guczQqoeQcMS4ge/49dGiZmQFC0=","i4lnEuZbjsfiUuw/Y3O8596z0LH20ud+C+mlJN9yKCE=","kiy9fUG2aZOBn2VxHEVt24T7/PV3vVPLP05/FnqXnSc=","UmE9w2qLujoDSCFL7AXmkaT+91f9wKWLV1lEf2/aSJc=","jv9yovE8aJPtLWKpzTJ4YkNujWcZ0EJxJUskKLGnq/I=","acOnNyPxQ2bP7jyh/nMjwCEySOXbCKUsnNCUokSNe18=","fJnBK6mLxKOsBHJNXm/zf6rdfj6uda/WFjEXP23Bdq4=","ZDquB4Je1DQ236+jlfQGJQkWOQEIkpuPjpgRwHsuPAw=","tasm7jo5YcHR1WaHJKtncAgxRCqnY3r5ftFGyaUMnGI=","Pt5JlwxOcwW151ACywD87w851h7I85nDm+hKVUY44+w=","Z9OzDUOac7TzjdrZTtpNwFV5zudPClgHUrpeBLG8LJc=","yoBC+KvOPFTOpbN0mSOI2ZUeMSJsRTt6GTvLnqFqj1E=","c/W5PZ+rMliLEGICYengbHyjCMdZ7bQAM06FAIE/KAw=","F44pz/kWRtkYz3KkfGXj4vjjFz/hPTTabIf+wKy81Jw=","6wkiEWs2OHl3cO5HRyBuum3XeMawWl7rbfYjU5IfrSo=","lpP2S7dKv1JATj51rsloZtJ2aHDFM42IaibIfWZxnig=","DWmc6SHgECJWiLkpNnFm9Jn1eybBKwVnkFxj+dWfBn8=","k6HfaV2rbJfJUTPqxmJ85TBi2eUlBYRjMas476wmWAU=","xLgkaSmet4ieShF0g6/5iKFR6LyuFil0HXNxoJFs6+w=","+QB52oG5uiFeKbSRkVXxn/mcCFgguo6XCJKsuAb9r8s=","VpP8GtnE8HAmEYTdQvjPJ6ZGZ8FCcbbNgKqu6JfAI2g=","F/NXxVFILKe6u4VPXHMcp6jhMK4w6rnhM+rOkfGBHHs=","/Fg2bLwAykqEN+R06816rsSpFUGpX/PzmqrcG3/eyU8=","rw1wUBZp7LWOUSFqHyKw5YE9M+8TbTvgmwafWQXe/C0=","LTbvPvyCOILO9NS1w4lFoj6kpu9LnpsvOkw+X3R2NJA=","gwmt2iwdZoKLvECZynqssqtiC9B/d6TNzWpYJtBmynk=","HceHlTgITipp1YVCW4mVbrisYmVAeDmdWGKdLVcv2nE=","Krtt/ocKMTj0PaTtLoHZ9w2dAxMS3+F15H+QfS7PWQo=","LeUFoiLADIKevPQl9muXq0yFqWGJTPtqvQQIxZyYdlQ=","5wn4RaXO7wsxD79y8Nb3wJttqc+Xfuh0J5NqKDxR2bw=","VYBG3zGyMsUEBegITqFKbCKsrAWWV3h4rXtn5oQFdJ8=","bApJ5afstpE3oMRlQ3H89EIpEYKb0Tq72vIH52ItduU=","9Qd0rnQ8oErhsilYRWZJ91oBfqT4gcQ/dDW3YSGs6/Q=","cG8uKxALF5CXPksvZSU2GSnXvKsPNYY1p22ka7+L8go=","4diwfqfSd7dGdXadjZaWmHgzLdfTh2JyMantUNi/FnQ=","lnmND8esffJetoz6JBTURXUQNbFUUOItbEQZvftBWnw=","zMx9cVUI+TnNG76Ndvs00SF9KpihU8k/JF2O/t1/yQ4=","rFGfzt0TVz6KjOqzT1qjGqLDFJfg5LdRqjrV3Uoc88g=","ZYJaVvkkibgAYz+gAdBeIFd7J8aNgZUn+vveYQPl+Fs=","6nwpsBmphXVwqP6QVayQ1wAuF422WTVMBS4/kDV3xag=","eXI/sLpyoJ7X9+j6hBpyvTGrS/ObGcEf88xoBx8tJn8=","OoGGMT/HRZDAMQcriCTLXVaQLZ3PQZkSCP/8ar5gr0k=","voXb9PF2p8rjAHkNTngiIzh9YE0xAEkj9OL6Tc8bfIM=","fhC5s+4Z0mROSlSX4+7GaLxFhwwV4Gmts9CKpOBSksc=","fnVOpiPyJh+aeZ5aabyYBmTGsFcn8VrfPuGOQhpvuI8=","5uUAxu262obbhi//1oRW+6cvfPlGo3Z0eJmankCEK4U=","Z1q0CBJ1nKmrzOaVcBr2+S9hGeoMmU2mY2qnOovQX/s=","3mRXww0qvH6B8sjQCVRXzW48QT3GaX2T1VdnOfMDac8=","UEsviDfke26tKjdKHluYAhN9ghQemyh8Z+MkLFtF+qw=","bBUPFTyhFaQx2tJMoicH92Tb7cJYWsTEqRRqFtEAnqE=","vHsjHq4JTRB4hAIjGyWsXiHdP7JerriiALvONgd6kAk=","2wCuJSXFn8eLa6wmYHXAhabitHC7QE2Lj7rTmGJRPVw=","hdfJ/ALoXhvPEkReeDHoOWXBzVZU8GDS9M8/WdQvRg8=","bynzjR4OxXLBNOxZvPztTUGSatYnWH0kSpVodKN6U7E=","nsCrduE0ElWWhWxt0AgEZiI+Q6+YnQJGAuME07eLEDI=","rSk8qCmTKqsX7+v/bJfCTQVAt8gkUaNI0z8ftIVHN/U=","7WwOsUmnVHeW/6ZeuuGN9ot7DjSPz7WtSWyKUBxVYjk=","G9xwOu/blEI+OtWzTWVS7CGyDwO8pp4kWDaQSlurYUU=","+X6HW4VHx4h1nYt34FCTaAPPupap/5bKBnH3JHeLDSI=","nyxzmft4B7LZPR0TW1rqFJpqmFdEJ5INg4VWfMy1wa0=","0BQZthwMfojLtx71jW2Np3VHa/J0vNdfILqVyXsqh/g=","7AzaiLqakcAsiV+/X1GwCPkp7X+p4/dvw44hQocJ49Q=","gCUlWlSG3pXBKPL2nkBormLmhdevgPy8/1Tg0WIoLM0=","eCnHRNV3XVIVEYcbSfIcMzET7XiPE4WP85rs6E8dBps=","6zMVEixRNxrQ4m7KdO+FaG/ObqnAH5+mMI/I7llDNJw=","W9jSjE6Hn8wxgNOcujPKi+E3x2r+ee68fdvN3PA0pWk=","76fGF4YRb5dFpZHpNwc2Li9P7qFOkH1JldwYl9BJE9w=","ppHY/7+/ADvDNXICyjDSuDIvBIyi1LMOxgWwjAAhDYk=","54uGRgMu1fmri1LQmrB4j3Sa6tP6ngrfDxSvXgGNb5w=","TJz+5l3iF5kytBD81+kIt+Ge3UUME7u1B60l+9YqI1o=","e6LgZpRV6WGyXZFuCMJYRTih0YUf8+9PoltX+Irn/wA=","1A/o9Cy7td5uroJTKUoTiLYSS1OntwRkpPoooDHuQTA=","F22Wyt0BWQU1pYFT8A8VfVVFVqLyLmzEMR9+/jre4/o=","DkdDvweM51TEOEWEyv7bKHgzUYg5O8/JGzG+VFFr23s=","5v3IuCYwrEXVLrK2hgh14DcbVuLnx7wDIAfoydY2o9o=","eCh88nNZ6XKP9eSkr00QMeQRuoORD8BIuFhnmfqzzN0=","FSgwvPKhDhtcac+hGGkpjYMUV/hUck2FNXaS2mzLbHo=","kkAvSLEBBWKlPtyU/1jh/3VaZYpsgt+tAh5Akxd5GAI=","MUu04wQVsg47xR0Z9ZNNYXxW0I6vvA40ksyqY16BFuw=","op9/v2RQM6vl5v/81PM7z4UX8qRjqn1uB2jqFrhoYB4=","yR27SP+5Bee+gQHOspjL/tRmNBOheY/UtirPutXGPLI=","qp+PgE0194X4s+xgQIC2l+EElLUVhbY+wnnJdsp7hb0=","Gk8joCxe2aWgt+IW7nSPevDyfBCIylT9yjSItV5+408=","h20p/A3eztvqH1/kGPGDqhCFsq6n2Yjg89kSbQmNpz0=","w+hGoWjA/WKhwsb7z/Ma21DLkf15S760d02rhlLtfNw=","EcxdPCa6tLFtpKT/z4SLaFbxORKVvBLA+9R/l9E/7MI=","R1jTX7Z03a7oJHcq2kaJt/EEOtU+WtNX3wiGb2Z/CQY=","1NPqbLijqRdBZKOrCUUvRkjtPMg1g63152H+aypyzOs=","yzbMuD4l40lHrC6vBULcBNozYP2v+YlPt10I/mj6EVE=","6inYNo2c8vpUEN6VmjzFcvWTJtU4+f4sUG3/tidqYXk=","fLhiTMenP85FAqpbHsH9Wb7QiBTZ22v8PVmNidnXfng=","br5C8147jmKc/sj5tLl7WErk192oO4DJU7tk3bSE3B4=","3UXCW9uHeJISE5E7TOoy4oaNKz2nmUc/cn/bbkIBk3g=","QtObOrJ+hMv+G+h2UJ6J5zDfPpcCHNfT1SuacyIsIq4=","2EW5X5ONe9qtI5TOtQpUtzjbxO0UYi5gooYqyiGHMvw=","B18vaXslnTTz7jtR7wJlSKofjORzeJe30mrB67zEHkg=","UhYABNYNQibpZO9cKualTfiEJGNifOJua33haIQ4ZIc=","6hKXFBllR20QRaZ0o81oyAvzxviD7E641ptW+2F7QFM=","QDtvQAq3Nxj7CgN1cMjblM370TxL7zDccVzPKfqUhJA=","yRJIBC7+fLOnHJJROo4GSVJ7tCCQwVsKiN7yhCEwzQw=","VLqC0t+V0kZzyBR86YLsqBd0VhvL8pA8kaz16yi5hgk=","s0ZTlBoGjr5aEoBkoECSG+Dfj7wBru5O1E4RxDS8zW4=","rX+sslhvxulmwATX0dFrAk9YBf98tHx6hdq9i0iJLKc=","rX+sslhvxulmwATX0dFrAk9YBf98tHx6hdq9i0iJLKc=","rX+sslhvxulmwATX0dFrAk9YBf98tHx6hdq9i0iJLKc=","rX+sslhvxulmwATX0dFrAk9YBf98tHx6hdq9i0iJLKc=","xC0tWYCF+scu2w5RYe7Q4GEW98FkxT+ZzRlHUf4QrD8=","rX+sslhvxulmwATX0dFrAk9YBf98tHx6hdq9i0iJLKc=","Z8gHYSwM4OP1RdPsuSIquJ0dOy2GyW+ZDSddbh6h0l8=","S854bvo1NHXagVBWP6vE5re0mPp7lyUazXal03ujgWs=","tpHBuPMGSzdsH/KfY9tP9nQ2ItaYsY4ONdOfiGdCQT4=","19n51Kr+0zqfcKZjrtG8ShDC3en4yVEGoTZgr941/uQ=","EQt8u3a6cpv8sn9UUIF8TcnIAnPGST4VJDw2ZU8J998=","wj31KVU0lEo3J8Zok9GEBOslm+TJKmKvQmjGUoswH/A=","i9Df9dMXRVNiKgXmpAmQypr8JHmDov8ABvGKHhUccLc=","xHgghmRkXyI6atT/rYnNIPxMSDKFhQZLsLo/uEediPc=","rwD7EPINBFPNO0NBaSf1WHXNNkO7iqOvy+lfxDhbA1c=","PTZZ8Ys3JS/M6qJnLHoMmnYXBioDe83QTJf63/PD1H4=","aWrmNj39miyfIPJ2wwDvOIk9hlPQQyDxb/FGzYJCQro=","lNjPA+MDVNXDPvL9vuI3JsWAkThQuhTg+A+BDm3yVRo=","e+zZulChjlrAwNSEBmC8xDsQQUjw+y8zOIsNZBsJNG4=","kzuZ0b/jTI/LbBoCw1U6Enlr2pbNGxpYy8FZ0S3Eql4=","gbRUe5BALOJf/YK/zd+U412oZ7vc+VRtl43RCQ6zhfQ=","lmFp9i/IgK6Yy0Qpir6099O6AV9ucv48ufIRs975eb4=","MdPLHWo4uOgZfDLxQzq31ELZKf/3B7NpmuaVqhtXW7A=","PHLCiPq75AtS+mJTCs6Yp6xLCYeOhBPjbzrSAnaOejY=","p07Y+/40oR086N+BkNcC2/JpNHRxZyK3Pa5YgqEjpFk=","STgluqEsBIwPPORfjks5su528WSl1fij6UkVcWD2AAs=","T61CxePjxzcibvf7kj9BR/EzD0wjQO3d78PTY66rLJM=","J1Zh/Ql4Fny1XUKnvny/jMpxhojdol27exhZvcAtmJo=","MYVd0nt6xkY6rOyQglyGLHRWBT2C47NC3NewkywTeTE=","2wh7jI+tdL/n8XU91BXqKP0ZiJus1jk5xvUWmTQbT5A=","giTGsgqyOVdQbdEX3Mbyf8Zw7MFHyqmbUbzbqAnVXJ8=","C84QMISeYMCjyhe7vAfIXlIeQGefrC1CAmYg54fy+IA=","7ZRbrcVA/yC96iYKbhxf1cxDeRyToJd5q3iSMMAR968=","pKZnGOKkK6zh/NbQFUuv11ELkZQVyMljY1RI/5a2jXE=","ZhOise89pO37/Nz53Oxc2c3P5I/nBFkoLLzs7OVItgY=","mdrdY+w+zYyoEKeNYopQXDmJP4OBnvGdl8EQ3G4Qv00=","vOYb27PTib1Sn6VFoV3KSz9KmJMH+FM9gY9uNALvfcI=","N7BxGu52KrszVg8cb2TjaDg0AsJ/vdY7kcbaR71+ip0=","hMOV0b3dWUAVgbpA57dnuhtgvQjdGa1T997wb0r3KR0=","F2ZvtTz0Ex0liMsAPHl34GQRhO6sH3WdPS1boFJ5Zg8=","qiZM+PzWBuGU34/Mw8YCc84od24Q1qociCEY6uzOo9I=","XZb/Sv5LePsnSqUYb6qX1NGWlApAPFMYC/xKQ+F2PCo=","/b/ff6A58Ikes3Gf81IwahkbBtgFd2rKGG8hShtdXz0=","Z1xM5fAmJyMNWEcmiomkHR8vOJIgO55FLmYTNoP9jLk=","tU4BAdcU/LUmZxlQQFXAM5X/T8LbcwZMsLBP8XLDJvE=","F42WY4AwUYfEYEOE0aX2w1RBhDr9vjbsVY6WWMg/ZtM=","amk0Wy4iRViKSyL0Ov3MQ1kWREhI961rJZcLAlLTFrU=","iXhg0Lnqh6lPeasXaj++xYjUSPeOCyWixOko+Jv6qWc=","byOIat3xRiCotbPY+xSSZaju2/7dv/ZYc9SEeV7UAy8=","1yQnJQXNyKpmdvKGs7Ov12ZyDrwxWlGpHeFvYzku9kE=","h4eRovTlVDISyw9NtHo5RTgFrzztVRi5KP2nt2RSBRg=","eV9NvSlwT3XYXqcnhSpJvYLpjGAEB2FI0Zz6NUaxD84=","OuQou820fFi9z5GKsO0pCjHfrgMEKh7lqtCPUnMTIoA=","G5U8ZOVHzln4ChUGCW8PvSv8iwMCHZEMBvuZ47aePGI=","hsvltjb6rSIislcm3pHEypIw78PiH2y580C0Ek6sIA8=","Lt1ClO+JJdMaSEn2FzGD9gTYdQCjXhTM84BD6FZovR8=","cf0hTQ5K0xz8GiWZPZW3mnx9urB9kEobGXXTAnCsWtM=","W7aj0WevcB/AJKTdzV3aMAp8Y1/NnAwvGZ3hGayB2M4=","kh2U/6WTVCSGdFyy/oSg2CX9FtoLha4SCcShp3QYFis=","eOfZidjh/pK1aW7zrUzjCgrJ3udOUSFDbv420KFwfRI=","mxLnFe0AINMJFCMfGSGrnK0nVqJ0M4sLPCziZoAF1X8=","20EyAQ2BCHJ6iSYmsfh5k7P91X4vawicMJFCTgrSgMw=","71i22EZo/oVKsJ9uHUmzFfFMebR8l+cMf5gNdtUE1Es=","Aw3WEkLitFPo7wqSfCWTeOXCQaXvQdwNdf4luZZs8wY=","CtgE4nNKgXHZWDfi7P2zi+ueAI+7kCVwoqXkUkNz0G8=","aSFa3dBajpo42dpPjkvBqCoEZ8bbIxclDvtyXmnfTZo=","9HQqff8lNwiyiYQNNspedDZ2WIknH6IIsp4LEsBJsoQ=","0smQKEeoGHigNNZJsA3wBLx53Y3tdQwPfh5swSAvmMU=","WrAxYYLN3Y51bJpEzpdmPI2K6otGYAASl+4DVPoa5Ts=","vO7rM3lF6rXVzn2m0JjkIqPR1AWBGvZ4crA8I0+6jHs=","IRJ6hJVEv9oyGXFVvzbzKVillE/1RtWJmLxGHIami9g=","yQ3NghOXM7xegDxH6urvQILFEwHMRwBXqA7PdAn/Sl0=","ca/9zpkFqzXd2Xdw00oEtQMVuUVTAxXBKSXh5NpJpXw=","y5EZqdpoMZbSN/YF8BIz0aS/aGQUkSiCQ18e24JcXL4=","g2wQaBy9Vk3SqTyBsuVMCRuhEvKPSazOd3rMYIU5g3g=","C2CvRX0xDVDd3ZgU5Ng70bsB179YJDqetM7ot9MSOyI=","H6CAa/H43KXjZCWLi9CuwUt6M9feLdbgbBG3o6zQwco=","GIEXfY8ByHVhObGWdmVFXPZvu/q/hCffbhQB/4vg+zk=","xZeJrgAIpy1+08vXBUtG1u0a7CmJb6gw7j3PJs30z6g=","P8Iz8XL3eh0i5g+DpELTLSTPRqdLbjJ2JFlM4yfgfTo=","z5e/2b+Dod+xUp+KjyxEcB0bxxCc0WENNH5oOWbnb0E=","K7LvZ+dHQRsIdekSMnDj9yPZzFMyTpIBX3i64EPVRQQ=","NvIIOEGy27/eQ1STnj43tXDD73MfVNOBH7nD37wYO3E=","z5rWKR9XO6tt5A8l+iFN1Iu1zpTewcs64t20HHPMeVo=","GPAymYplijCeesLMoLndRNqbYqBucRPyLsNnzcLq2KM=","PX9w1zM807rS8dM6zbFgMDowoC5JYfH24Qxo6iUoa7I=","rFGypZq7h4OYztyxbf1VddIF+PsoL++Wt4wKU+pLmEU=","apx13zy8OEWoULg/tGJIPggrxDeWcA9YdiTzouHpN8c=","DWeEdaZiJsxJZ1j1aPqzcrYIgurgQHsNMxRYmjGYdso=","6bZGcXfdC8MGqaAMR1um5ubZRa6KyEJnE6NeSW0+xJo=","NPsW6wBvHdpKqO1V+gXpYXAaXpdtg+TUuyNOEuGlIL0=","lXpmnle9fZBQUPERgkg+631RcUZ0jA85+sFKq5pGhTw=","6p4xtI2bEiXtFri3aUqpJPuXNda3zAVCmiDDr4+Y9eQ=","rOQv2WyvSObSliS5cBpo8K6KGdURMtfQa8pVARnRghQ=","oW/CYaJHKxpPx9QTVsZxG9BMjKgY9xYc19o4ZnSfWq4=","J8kcZWK1sVoQyQaNeV5fjyfgdtJC8UuEfwZBlP7RBxg=","/zjvemU7PXIJiSe5j4vGau8jsSTZeQGiwpQNL8Uy1FI=","HB9Y4Xiygx4kf4XSr9gDYAJcsiOzAQxyATS5glHnAgI=","0gd3zCZX3qHmC6Tomj/4ccdlrxre62dxwSn2rLvZaK0=","hGLz0FPR0fzzRpvHxtYPxcO/PyQKGXoTmCdPbFZJaj8=","4Vy3Zorgjwss97rChkRN/faCfMivGlsoBz96cXUcjJk=","z6Rs2/n1zna64hxZQhxCqq/t3K5LHARlNTzxwQj3S40=","OKK+F8Ch+qMF5b5XvomI9OnKq7G+z1JNjCG4hqZJHEk=","FuVTZ3AFenW/hi8cao7TyWp9xASaJucB0w/j6BwegOg=","C6at9V7pF2a749DrCLmrHtBOV72/oQLd0hvgwndSF/s=","iqg9VDCHVNaeMj1kZdbB6w4E8bl279xh0QsY+SRS9vc=","ut+RLbrUw/4HNDtmyOSmeDy/rKhu+fM3txcfhKiRc5c=","wmIXEwJmpvTaOB3bVdiofxyAgahsLVzIUd90z3S7upg=","cxlrZ+AjZLLrQRe80DApMX/0ch5gAkpmr+ACnkm1xpI=","+B4upyCAez6/1C7SAw6OFRlZC3P+p1rA4Yr+iAI1VMc=","tyQ1u2OfzcnuXc/n+gTHotwP73p0fF3qUEWZyHaPJsI=","QctgZsDBABb5LnSPieL/zyO5O7/UJLtKsZRh1vsIahI=","dIgA03ZZbARF7R6vOTTAWhyew30d2lLgCYtRvsiBayw=","YpYcLMaepll9+kuvw8gRjuIXzFWa9hCf//tmzw3GVg8=","P8g3/iuhdxrGp+kXj3uIUg4MDQWLUcZOYKyJKTVj718=","8BOAZFwMiYZDLDX1VpV4LJ0iZ1JrAuBJKc1CmhQyUSA=","bO4+IhgNUfBcwkZH1ufAxSJNcDI7UVv7sEE4cr6qNnU=","QerWRR8bH4edyrhfjRiJOZLzOtPvsv7qENaY6qW/6mE=","9i3RfVqi2Oh9fkPQRY3QtnWpuNgJIoH/ickNXRjNkS8=","/VlN0ap7gxMVNP2onnVoyCng0jWDCF/MzcUsRm3sXJk=","0orSES8MYmfv04gZFM5MXQWzo34lzlDzEL4/bkD97no=","qayH0TTztD8NLGsHEVSKwy/h5keqF/4f87dmZgisT0g=","WS7Atq7OcbNX8W7GYw7wISGublFULpHNa2e9kccJzuY=","OmC/7rUR9ILNuNBQy+BT7mpnl0+frAIJeClpw4GiInE=","vYqyZ6urW33pdMFq13e8m+jdhIBwK+ZbFjJ6t9snuVU=","we59Bmah3Da3rM5pwE+uFobV6ElvV2BKg6TP2DSNXYc=","rKmfhhkL61CY6cU6qz6d6+yGnuYlWVaPz3lv+2xqApo=","eBceLGT0UocNc60YuGIds7ARwc+Dc9gAuP0kED08pcM=","oGl/UVfT1Smk5sVS8IdONo5rXLcUWt5OHvySsWcTeiw=","8yx9ZKcdL4nyL+70lbr13lJXLTKDeIuvr8xHyqBAYEk=","9sM6OYAzTywGVrkjVMGUjceufKeSWvCAA06gj64QaUw=","nFHoJ3vWTtogpZcQrIklpwIoi9kgNFDNEpljAIA16Bw=","47lTVe6Fv9U+PJeo1FIze0WOIV4GMpkZtkciIe3AYIo=","mdVP3VOjKQd0/MVe5qni1YVZYmMqnpTZAB5+QmutQDI=","s4mwZ78ILdnJnRUNTUxst+E8d+DTA1QSNP3BxgkRaKA=","96fsFRsIQIDUg0krJbAUyW9Plahn7fpqpwo38oLVwd0=","t9H0n4/vEOQrpOAQtG9zxymnEKxpRmw6MsGeR1F80GA=","z0mD6jS44iFlzSlAOCH/Tx2EZ8roV/f2jkyzMU+JBTQ=","ScXT9xIvqGG095n2LmBg00q5n8dROPYwLfKoYlU1BrE=","/FR9UE+W3V8yZK93MBOblw9xK2KUQ/LzQkCCJ9Nqr4E=","VYJVBqvjxS6Sj64r1DtJnyxfJYttOCIbw4I/wi9iao0=","b6kt7wpq4hoH4MzA1jwyOpthoNzthiTgNjW/Y1jGffY=","G3aLfeE2KTwzGU/SeJmY/FrvnTJ4IKGkA5TtZ6019kA=","pSEWxcWlNXx3fmVM0pcdIG5xKnwTv0iSmffkZrNAfAM=","Lo69DLyWoOaNUL+9rpaZbkxHNNk0yrp2nndNo+qE4F4=","+JaBb4iMsGj725vhwMUjNB3FGZTJpQiJgNnxE62MZ8g=","cwEe81rjPJKqcoNHTmJ6d8BioFqFbXy2YAmDBu7wrxA=","IhQVo0LM2lSXeMLkzLEr0eChGuY2WZI5aEPstuDL/Vs=","+HxueFzR3p/15+/bZu1fzD5XKx+5VW1/W5INhuaDfB0=","8MQFhtYQaON5aQRNbRoRzOgp+V1CUFm3rhXcain5pHk=","kwkewv+Qt9edcGkt+Rbu09VKfaiJ7la+eFXWIEDiffg=","VFh16xr/6jUwM/LOFXpxeP7LSDrkD0TK5u39lrMXqEU=","bVEeiom3WDNxZKxQOO/OxOoPanuZSTi352BWT/011M0=","9Cl6DvLz6jE0p5/T0Oywyqnr+l937uzkudRRlHUkwiY=","bB4ntDrqZhnQ2w/Am8GPjBlwQmm6u31JkId5NxNatcM=","FFphjKSeNqKbO+ZRQcbQSAqjkYaJ+q753edt3qWI1Gs=","CizDT2JMLOq5L4uc6sTc1dw0npRQmgn5K6R6FCiaZSo=","w0+IOS3rECL1jIWN7dNDt3FQO6ECoJnddo8evN58BVQ=","g+tcF+A9aRR7mzhgDygeycAgG+CkkCP/AaMEYYmkHpw=","Pq0xQcwsvsasG07bsTz1Y87eahfSJK6VQbdMF+eKpMM=","fMCILU6eOmYhORLIi6J9t4XH7I75fZhlbGUy/4NHeuM=","nR7w/HvMJwz9ZAJhzPG67j0SekKwLUQT4En7ITTDVKQ=","sIzerr4EDIFl3YU1rH55xH3UotUi4/SSFugo71eV4wo=","kbZ9NPlOWPt6b1NWZsFZ/t02zDq2mFhbPwpfKKztIzI=","QbcRL/U2rktHBxtLW2YwwejXylo6+gtudrlTop0BNa0=","wKEEKO6Br9mn6CQm24A13RxJvr+sumEhvwPaOPM6zx0=","QK0G2lBXVlXekAIwX2hA9yQcZmF0y19BXz4Nz0ClCCg=","a3lLZVLESf3tt0K05K3ICDlTQ0m4DQMQSAkAMzVUBcE=","hB29Ci5Kxi+iGAWs+pFXEmWLSqKEl3o4BFdlrZTJ6Lg=","5WyF0r/GDNWyXb9QCLAD66fKAep4fownx3XKAVyYfB0=","Qb+ENQixHz/HoLh/gPRGwPNBrYVEalyUEoX2QTrVpVg=","YJM83nNgjmqL9Bsi/aIqWin2degDACatBCPNj9EHc3k=","6aRaihYqX+ZiNXWwm/dL34CHshliH9ZGl36TLnJa6I4=","GtuYX/DCGH3AkKmeJJ+3TRoCGakQyn2BWuB7o3CT55I=","usbDV9aIn1yaVGuH83Hfo5S7reqFYccg7mxJ3TbHMB4=","PRhnFDeSWx4J+l5+8ApWm6anYeG8025oUEcAd0rZPLs=","oLBl8QJwZY6bepGMIavMwGxayxOoPSKcM6bZ8WbItz4=","EtfMVpiA0AsqefLpyoSBLVijwgjGvwdiyWedsqk8PTU=","UDceYWW/f0KX36xiIZnuHAmu0GnGULV+/63OY1gosAI=","pwhqn5+mM2nqFPtMf6/rnrcF8Kt660cQA6o1HjbWN9I=","PDm10/8ngk+snkYnPtWKOJIeRkMaESv7Dhm5lE5VBIY=","dhs49BSlmMVUMwoaOVuTJYiNQh9f9v6oBX2ujF2zAgE=","6rR+u8rd3eVCP1Bx3gXP76lrgsLpSldyflvrQ3LWdXU=","mHSOFURkIPJUjhURlVkffnzjWCS0ybZygWYoOloP6hA=","OwliDNiKqQNWpMtrz0OrEFERl68jFVQVNbPPMeJdKFw=","8CtbLQik/tH2+VPjGO6b9VtmN3V1TE2ewshzsbbr5Bo=","PF60eIJOqTkIqcgSPmSahEkoWzOVGHRUonQLw7Kfslw=","fbl0Y7gQAb3YG/B3JDICHcWI2L3ffqXzbC+KZbJPIO0=","X5tlzej7h6Ez4UKJ8GM8by/okKScLJDXdM2kyFi+dVg=","F7SrcZ4URFGGWfJIegSUO2Ij53gzd+h8ijsTMgvk9lE=","Rd0qjb6aW2w+peYzRSyOwroQHYU5YsxQkNqYVjGZTsQ=","9ERnpCwx2bqDdPP0FSv5vaXNmdQX6/IAgbsQGCbeQuU=","j+fYtTSnRgdHbwm/fZWj8zODubk3aOepb6GSuZ+m/n4=","gCn/z0UrYEwJ2pFEoklzXn+Ww6zfpHRCwfRT+Pvquvs=","pfZvy+NtM1KP1u5bTwlyfjgIone87AcVOeqvqe5VrcQ=","2cJFb/yxC1axdo18i4tSc6datINPP8nPBLZiDuQ2hHw=","ExPncZxQFmiJrsT5K88vLkWc80xsfC/qDT2kmvzJeYo=","NAInkLC9TDYMxVdNIbUStgovbnjB4tx3Icw97Non9Mg=","epGpMpz6kmbC2ov1vQ/jzbIKOPvDakNZoM/K7lO9iIM=","6TjT4JncbfH0OU3e7xb4WCstmI/cicK9R+oOEH5gQ4Q=","W7nVQnMjyNXCYkscSIg3K9bapnp3Qp7chR7LLz9na7k=","pG1xuni5pTDTI9gBEZVxuVfsVTEfBkMazFEpH+dxBAQ=","cPJRCDUGDYI9R29GBLIhb8jSE+IcIgSd5Qe977Ns/eA=","yDErrtujYdwnVxboTPVAuPbVTqK0ZnhPh5H9/m2RHwI=","meD/R7VgKMP3sx3EVuuVVVpg7gzCS+DnrkGUUSNXiQc=","Ol40BF3eSL+EArrDF4sQjetmdze2C7ugnbDknE8aUhA=","iyIfqgfr/FpZCzPvbYL6ilepqmnFBZcOYLOEONlqVRo=","FpDUr4WeWujH9QpoDLJ3DllzB+qYlR/zelKuqztY/wU=","wqzyLdTjH6kMSTXSl+Ia5ReJ1OtEZ0Yb5iH/0UiSxLk=","tWdGhw53IKrOEX7hez8Iimi6tYmGp0/d87xNwRzhbFE=","hC1mIkwxDgZfaQ67eEq379WQK/I6VaXBlbpDWehg6qs=","hdHFtlGkZptkGti/tnIaar05SSX8NiGOpAU+nxxPu1M=","xO7c7Dwxj6AxGS9lB7Uasdv/2p0e83UpexSAe38sKN8=","uOLPuhGcUg6lD8hXLuV5ukdhmS+Jtvn/AhDM42fQTJc=","vLkgAjR/NJToEO3mA88eOI5U0PBSWFEjcJwEnR+iIRI=","q+qGajRN8BrWtq4ietOr/Qm1CUPPDjMki7kyTbPysBQ=","QhOjdukZWO2viGtUUyZ3wnTUBmbb121WvR1hh7HbFAc=","eZUBMNQyGgoWANKiH+RvMPzK1jsUsCZ6r2rw0G3NhNE=","QBjfr5RWKjM0SY9pOBIBJTp6jvvAM+10UXnRkQllbZY=","YWWufO+NequAhruGEas+Y8HkCxwisMOecUifKsNMDWI=","HY/RHwvfnhX9Le1lWY6xinTCOY/JUEo4T5vEAFyDXu0=","n2jAUqf25FS4hHAigqKrPMoTtvGTvpP/MoV+oqmzWE4=","JdevzOPsAnZiIJDSRiAthVk0PVJAMmPMe1u/QKTX16k=","OmsrzXEnFPZ3GstUw0RBabkxiw2ldx+cPQ2FKC4lZdw=","Q0no15MdhSaRh5RAVwa3Q/HenVRIRWoAE2aHOxp5xQ8=","u3utDn9dQ0ITZP5BN62cvEGnEu+fBWZKpo/VQUfhzPg=","/6zt/YwrzO4/GxbLao2BWQZue1ttxPV9nwn1o1ZDH3M=","rbcDO/yzqPEJjWb6Sn+ztCWtp4P8qXWsS0GlKv4A8n0=","vVzEnWmLNGSO4NYevheTBUdYjikgblZENfMdBRK8ba8=","DVtPF4rdHDX47mI5z/3i1YX9tOh0FBafRIEa7D13k44=","Jnva7GJ/uuKg71ul+06E2B4DkBRKKe3T5qpR+dl8gcQ=","FNLc1k9W3RkZzP4AO1GwMSYDNbaP7cYC7l088XTatCE=","iDHYV5PJkel8oX7wIu6DvHfz/u4TDQVXmsK1My0XIFg=","UVEpeGfT2iNZvTmFLMrqk5UZDAGX1l9e58jF1Iew+qA=","s7BzwmNjsPZ2Zqu9YNpeEVWeER1Jozkbm42IjkkUudw=","e3UpVOAlfu8u6g+vMKOLFsPd01LCycFRHAWB5GxaWm0=","6eDVqMYGBVqv5jNrKyptzLOkzmpyFff5ZBCj9UGHPWk=","Tu86FY5p1X2PdGvY0WKSIWEIkV+VI1OaEyL/NwO7Q9U=","otvEBHXih+AJs+BJq7l30eUjRLritqWaMOPwICFmNnk=","JSlt/OioQ9Wc2MTbxHk4Kg46R/8KgAa3Oab9V0jYDzA=","/scMJ0RG0YH+LM4TTkO63rJJ09463EqQ6d4HEQbFyBc=","DWK8vXr2q/LRpGx+3JaYqpC+djg3HAOG1o4+owu/AHQ=","VP0mCmbo83eUJO0ear4z3VynK1+wElyIJ2ZuRQbLUk8=","H84NEpSvtDpeUj6KJvrNxNBsYB2Lrdg1nBqxrA7TAKw=","nUNNGACh/+F6VG7/cBtPs3y9xsn8wDYF+UcXGlVlzK4=","JjmizN81Z8DzdaHEikylHmWoN+MMYhPPQqLqM/6fDCc=","AUzMP/+bdcCIDVLvImdGZEH2OOClAfXnBuAytbJ+oqk=","j7a6+00I0J1ATw1F6yNB+wjV7Zvpd+4sG2a5o0zP8eo=","+AWWBVN+c7My8cU29b1xRWjvidiWnjsPnQgbjiiVe+w=","TRQ6BUGSC84Cg21aDunXtBgpAesBzkuhD9UkKesAE60=","+lS7iYpDd7y3r7IiWq1w75wsOzz84tBfrTfJJnp58JQ=","BJSS5bcveX5Ild06KcpL67Y003AxtyEgXQQmdxqsXis=","reFGR1yV20DmfbdjtJTq/XpiydF7weGkE35vY6XspSQ=","jNGS2u93v5K99Ws0fUXhW2o12mjk9vG0Nc/BwooNY98=","A3v+sNUzBwMOXtHrs3D9EdyszVQZNS5x/BDPFLnZb30=","8W4HvBqS39WTNailgCK3SFKz13dawxFicOMtGX17suk=","No8MitSL9IxA2XbVWQ2IKy20R1eYlM3yrVaVrpkqML0=","FN8TQ3ol6a7ye78brCy/Kj5rpCQBiTh3gNlX8MbKdE4=","3WgLysCWbmD+j44EwKAK4taLi+1RTAfcDkrJnrF33rM=","zar3+T/rUxtNhiMS8daCO+7BUM/LlWjSqZlMASXzqjc=","UJhPoJNnBRve6jM+6jFh3bFK3tUGSaJyiZTxUyMyC4o=","oeL6g7tSCUzuMc1tAcK7n7gquyx7cpMTWceJj8OD7tU=","rZbTn7iaHJ85hNVghFgFiuy46z6uXHGqTUjd+Y4d42Q=","nTF2aQBWllzhnSDns1+ElMPlwoS71bsvzvVTgiQ3vU8=","JeuJuT5YUMHpK19MO1clVSMOH6eZUu3uFxTtKv+dmPU=","4iPnM4iL2ZzABAP9eSf78fOfuHOo+0HGnwP02F1/pG4=","RE6fWrpL/xl9Bil8JQIdwATAj/v4ZIj8xOZpswCAY1k=","zR+LDWe2NFuxEW9QTVko6anUhjAnYnwmbN5FiLI2cLI=","6gjPznxD5TJE3z59JMx917WAQ9TFLNaGzcOefM9qVe0=","X2UJz2AkSW4ktzT6ZebuqFbT3KyBJwDeiDA6KNo5ZEY=","3f+/Z1x1aw1cGcDNwm2qnEkY9SyAwrar06ifk9fnVWE=","LBj+8lcRjT5V7DksJl6oibDtS7ktUBAAs0QlplfcDI8=","c40pwGcpWP6qEanxzWPvfMg6Tzyg15dKmtUihlZ3bIg=","caapxbXdcCQAJtV3zBrfMrMsl8OtL9YJwdHUpx1Yb3Y=","q9nugQj8AyH/GAZZaiPIUYWvMBv3wxCGFHoGTvCn8Fc=","jv93b0kvwq8otkES2ZzvwdjxK9TiWOVLtwGvwnUMGQU=","+KZf2Tv6D3/VgX9LH1PYKLN803VTzwJwjzhkYlOo89A=","IAwjf0f62PqEJFPFEr6EM3+sRHeHMXB8VNTDnuRP/lI=","aW+/eU7+nupaq8kPni7wqn2ZUavE4IuxROS3xBLwBkU=","Ucto0R5SenBMIP07ZhXxnddiOh3TtxxDmnxXxJP1H6s=","t5byPVhvqLQ4RBm7S8ENSyGN9ixwicHzrSvatkDdjUc=","YL6L5CIREsrmi0/zjwRISpI/RgZ0ygbKIQjrVmYzuvk=","++y1zI50aL+gTBdH5OjKsv2OrQekI2q2ZQBQoZrpLKQ=","Tgdg/cthhIoFqFdYjcFCxAH9HwVCfjiuQ8gbHprx3+M=","g3h+R6plgm50t4sU7al2kXPBiW1iIyGXSyak3qIHpN4=","oBZ51sRqqQwc1lVyXAVaMf3NWyRvkF/MICKdjdsFdlM=","oznFPb9WEiI7g4BrlSk4UwhSt7IjwvJYRk5FsTkLayU=","OVI0fE/u0gFyS9ZJFs1F5slVilHz0BLmJEFyVfiJgXM=","t0da8uviYGcYHV1N83K1Nr9G9gWNWi6TlyEatkNhqK4=","0v3v2L0NhB/vDt4Q3UuddIwP+qoj0YFtqAJFh1RB3oM=","31O9Qri144e8uTU5q+0Mx1cB6D8tNcjyv8VXKHivMHo=","rwzNXwrpeJtniDggQL90nrXmiYACL93/8n/PrGqvj7E=","F+XHcyJkbmiSOZMUKM8M/XF0ijv1MMLHz/+vgmEadVc=","/HQoMyM7sYU6e/j8tr5OZLskVteiLUek9Aic0zFIpbk=","CAFgHkqCHTZyNff1zG2upr5M+Xt/suC01VMK8cSi1NU=","/W4+GqH3pDQMSr770aGdWy2k91seLOXU9grVBx4oJ28=","LItvEzdc35NPHOSsHurMEPBXFg/wTg9eyu1rBzfQSJo=","X96yxCmzbM7W652RAcnAn6tl392pd4D6VzPokGnmep8=","bEW0lBJMpxZCBJziCI+TYoKm8DYc0bGUOK0G2vci7xY=","ZUD2Thxf5wI4i4rTutP14uonKPj4SGXRhoXEebOxDIY=","yoKZ1SdvFdyXNvp4HgbchcbV74k8OHVFY1Dw3N3s81s=","6gUewQMVgEwjPr3sdB+HBYE9Hh+d25EpW2qsxhOopxM=","jx4+N5aICdm6cMblXM97lsQhh2oW3u/DOA0UcP1gVIM=","bVHjT4VV5IsP/Pa8EQpF8gb3Vaej3kMDSR8XpPQdBwk=","odq23hS1RYt1LWOJ4a/tQ3DDyNxk317hFUVq4kjQhxo=","tWoPcSpYLbILFpskwKim2e6tH+ESyXkyv8hxecaNofo=","JzbxLvpMxABmC0SelsEcB5dLDbNANY4KY722gZzhksk=","xGmqSjKGgz3MPUxw7c85X16V//trATKwio0WYmilCCk=","zokcHL0rxxSE+e3HM9t1tPDNnFMXAFEhaJdk0o+jrdY=","i9CwZlNdDiZWLpZrOhrI214vq7AtaSsHKn8eMHSR/a8=","GbakJOllLISgAHCUDRWO3AVb46V7pJrKQZ6gIBmm5JY=","ey0HuW5tNLHqKW5IxE8ghVAh/GLwC6OgNBXjAEsBWlg=","x+b4pMBx74j9ufloDe6KqyDDpT82fY2nsLOgKlKMemU=","V3KYKB1q6jmfbXfkQGit+T6Pty2JlkD1mP9a9JYOEGA=","iPoq9Eb2Z1F3YTLbfMM3wtfoivrWo07+6NFtzEmP/E4=","X/qGmXrUpodo1ullOeJRIP+g86zrUcanWEou62FVYyA=","jwQr0AnIXTHu88Nghexs0AG3BtH3akMWMer7JD46YZ4=","e4bef3mqjgJMH1kepY5uf9HdJYRbnXmajOJQqULFRVQ=","EmvDo1gFbawyoylSn0ANANinuwg+BEMKpPw8tjqCl5M=","ZWrwa1WyyzQrvLCcDbvYosrVlUJ+UdDI0vjhznNUmtI=","YsFeROj5PZ5xcIdH1aVxuV4hohjbqSEYSyv8mY4TfAc=","0hDqUhYUlprSFuIhzZ4DX9KW6ZoGUoi82MqvetiWaJE=","J+gLx/2KL0/2ZCZshAHFbwMlZX6o5muPQqR4Ky+YAnY=","lCDgJSvnBL7Z9t9ExUEujlZ0aNpQ0hRBpaNT6hkzEzw=","xKrd48SEQuP/N+sC/HVWOmkXEPa2yJwxeCiV7OdjruE=","aDU3rMEybg6H5TYXsWFTi/HcxyOTDiZpw4JrK67QZ8U=","3uhBqf3W763DH0evcQuzsF/QTuSOmCgMJnUotUIO/Rk=","W2i003wwdol2/dPuefA+ZqakiYe5uFRTkDj/7ijvhZg=","lqdImxcmqxYlylbbWLQIqSHfYgxXlkrkf/+ZZYa/2T8=","aU9idOAl093Yyg4PxxRuOsD+lqpJnzzykcVef6ak6n8=","mFLD7Lt7pDTy+SapWfUnKp/hS8zowQstizQ2q89Jqos=","6s1ZmEi/dzBIxm6/Mt8y6DaI5ev8iuqQK6+hQoo5ZJw=","cVkMVthekJVr/Prnpq6lQdgWm3jgaAOlHGy2K6Y02t8=","G1tEYgygKZHzXqw0hVtmKFjgDnlFYDuRL0gUUq18/2Y=","VwluoSh7Zx4fCd2wnfUlnvbI0BbPLUWbLUlnrKjd00A=","NWh1bsUJXMldB0UfO7xqX4unjOWy1b9TA/+b7SvMmmA=","aux7EIErB0mEQG2mjAwSRbLHklbdfT2j4uOZLwY679k=","iunwJUcRDKDExNKOMJbMv+t1yP/PRJT5IjRAzzcsNTc=","/BJPexfu3n2XNqMsD9nhopkehG4tb1hrLtDhPVI5tCY=","Jt8vvC8XCSqBH2QEvQLCPAiiFS0HF+Eiij2Q38Pg09Y=","rdstyIcfzHGtBpb8nftb+rsVUEeIEITcsGKGLoxFaCg=","S0IRtVWNsNDDC1h8QkwualP+Bj+OAjMjw1lpUwJSp7s=","pD55Cakep4AhMnK1a15gDKh3iuSXWD3lSHD7iS3v0WE=","p8l7yIovg/7vlt7aTVyqDRCz3dJOV6nvBc6UTHXan/o=","9kd6NyBvc1pzj6Kfh7YWo3hlaFk/1c92v1R+4EKWwDw=","rffBL7AJvxJ1t5ySF2cn0FG65zj6sLXNxYGZRpG8yK0=","lD7s5Yh/kZ4Lbi0/e6PI6GAqn/fqsfQmaFuMjCKjEqM=","9VFFzNrS4KoBaePwWNZjMvWbSB1x/vWlkGTulrIZQys=","2r5N+guIoER2c5BoHrr1nL6MD7Fmu2K2kgbM4xH1yz0=","59Zzu3A3UOP33uVTQyb5sEsQbeKyFLzFSaEu9kgs0UY=","pvr/2/NjgSbbD7DDwizr/x+1uyXL6CnG0Yksn2fot88=","mI2wPx0qbX0ajkoXTvCKoOglvv4RaUWUBRIWNiYMaFg=","/t+CoOHu1KKIYYAsMi8+/Q0z9qA88GbEPbVFNIygSa4=","wYxHRNyMnoTR3yhqRHP42QcObE57iEG+iqBdCFmJQwQ=","u3d7sRHj4wZdF5/Fc7O+llf5ZKTSWg0r9J3JtMsKJHs=","TrBDN67RP2xITOJ5YT0ZwITAfXdPyuGvQNH8AEc7y/o=","uhnJw8B+12SuIbf3Cc6LYG/6mIvc6Hko1Bdz7Er8g8s=","KbushQDShtlBKnoYN2WZL1Ymu6RwCM548bZoGs85CJA=","SiFKLgMzeS+YyTWm03x///iTkqe5IqZXpO1LDE/HygM=","QOqMnM+NsnykB1NEnVAmjb57U/4NTfjrHc1Kzc6hfFs=","wRf1NZgec+VFxh8LG9fzFA+L72BcdzUVdYPFuaLSqEc=","MgupfJDGY5G9kil9x841xmce/XdX4rFXBw+tBfTFHPs=","Tef+dFxRAUZQAIXTULiBbM5FwXmHWIHRUQvgJzzjr0M=","V6gZ9Cwx0ur00j5Jf2oFH9X07Z+UK4cDMcsHC3JYfK0=","rEOCYAghTTSsNLkruyQLO8BaDEPVI5ZGMVZgVQMSGzU=","740P3k/ONvW/T57KeaOaSOSts/hgqzCHzq3wBm5HkDg=","gVtdGViUPzGPpsmWVdKKTYf7DxqjKkSVQEpaBN8nqgc=","Nq2XCzrIsxUtkBAM2416gCghyYpkvdCMCWt7RAZp2wg=","S0qNlz9Csid42LW1BGSqH1N7cFexDDAVFhDxAA2BFls=","e5MnEHeytZ7/fTIMLa6GoAnFUqiZPllai+6pzqJSlCk=","OWaADdqbfSKsbTHXMTGsT+fPX6E3l3nMbQmcmAjCtm0=","QCKpuKLlqyTHwczVx8dp8ncvFbTG3lkHUk6B0UsUweE=","+PJb6XWPnO09qXMhVrSnBsL07KT4hZy2q0nYmTR7X00=","daHo5NCkxuvQWB4ZjAPoYy4aKJAvYb1JmESdq/c6xig=","HzutwcAgAj8OIONoq7E6UhLagJoaSzLtN0e9emTwbbM=","Jxz9E6UN0XVwZqDdyl6zUL2Ejv967TLs01re8tvoJcE=","a5p4DOgk6PM4okCH1ryRHXGMtdDwbtPqyrX1Qi2jsEg=","J1mZUkZkcz6sCU8iD//PQUshA70H+yfkVbrlW1HroLc=","JnJ/WOCPgWE5Y/bRvau3t3Y7H/Ik3uTLzv0dmIEUXV0=","Q4DFCSlOqe4x+glYI1NlkiKDxXi34NCvCEvD73OM3cA=","PfNKhwyHeiupdlmHtMjLPRhzKjHR2HD3bajWRkSnD50=","0sdBKbO1bXFSmN7BLYOc63nSOyTF/6vo2VbX4bZPY9M=","2Pgz//CjjYGJlo+8c7pHVAB3k3KTRC5Y/+3wl115/ls=","NHHwzTkITpDMVF6Jz60e61rFjjJkruK9qbegJRW2Agc=","U4J0QKf+VMUuSD5mr6qFMRN1z0YoRJ0Vc15RipafN/Q=","NrDA4efEXhy0A/csaHTiITvtaXdmFR08onW6S9J0Tls=","8uTyaA7SWE6EA7Yb6+ioA4F/RxbhBz3HKGGkkS/cd8o=","LnWI3h4IIVU9KRMm83GPK8s2ujlI7CLOepe70YUF2ww=","Me5xLEu7t3SsVAD51R2/L7mBjXzUHOsxLe6LQ8S4YKQ=","rssyddtXPQgz+uI4u9gE3v0r7rvRptXHy/hjzHiaAsM=","7dNVTFbzsDmapinbrbiNMvrezP0i1OyHZGwoHYUw47s=","1Pgpb/XusIExxyPrwV0BpsZKbHhQzTiRFbVpb8iNlow=","rX+sslhvxulmwATX0dFrAk9YBf98tHx6hdq9i0iJLKc=","rX+sslhvxulmwATX0dFrAk9YBf98tHx6hdq9i0iJLKc=","rX+sslhvxulmwATX0dFrAk9YBf98tHx6hdq9i0iJLKc=","vFj2RDqlb+vPAq7XsDMWKMj/o7Dih+PFBFKIRQfX9A0=","ID5tBLsdKIbM+zbnWDkCFJH9slpSN8pETkEjPvSH1CE=","Mu6cYvOQN8TRO9ODBYRgG1WJL1SeayoMLlr4+qfSdCc=","fGGNmov7RyihUiUOTUI+SVqKUTqh8unqqPXqIGxNFf0=","zm32s26loOZCQKSuvxaHWIb5ZKMhLkO3YAxfyDmCi80=","f5qNLWK0S+WW053O1hqhTq6TwCQZOlEFTS3gWrS9/cY=","9+hxfKEdJhxJgJ17p8GNvVWO6Ah/7RBcd0XN/AREPIY=","8Xvc52/aUvdBJjZaHExVoKEuEb9CNJIEgN5YkEynsAA=","tum9irIJ0DGi/L+VOskPDoIAIVmA6pIhIW1XVZDB6FM=","8GR0BnocDoBW7OkAK93bQBrbwNqKypuVGSeUKRJJ0J8=","uJ6PCnJXdO3tMSWD2yRSjNgooD7LHsHn4XORxUuMhJs=","h3NSQa8QuHiqnaPLpKIk0AKUJnCRLWycGzpOjH/Pl9o=","s+oRhv96kB0FIKSt+g5MS2eeVtqfup23P2zp35N2JEI=","QCpcpWMajE3b/RGs6eA/DEn0r6tEowb8oqwDWmRjRms=","dweCEFxLkDM81eSknOPJofnQt6gEXjN7pnjLP+nJhCk=","7v7VHHH9CliyXlP+A0fmgqHYt3e8Ih5ncschL2ZfzXQ=","Xqpe2MGOMlEuKPny3w8yK7uRBSv5Dd976gW8Vb9y3GA=","5HuZzFGa6T6shmnySleg7fBqLP6IKnnA0UJqNzQrk8g=","7cy4R5j/hqXWfxqVQujHaTcJZPZy793XVoBX/KxzjuA=","QxNfEz+wa6QMgpKX85KIH4ONCMpyhLFkzucnSd+joAg=","XlpgB9RjIxInD/s1zutJsdz4ctSiSRJXATlhiuwl9sg=","7aVu40XqV7wBVLQwwxcxoFSeqJlfqACzl/AF8TqXCiA=","9FqnGhUGMzE+bESgAza+XHB0EEl9M8QANOOXGTEk188=","LHYywmrUoly/d3ZQ/xN2imQwORv+24n2RjeyIr8rAik=","22vhWF0v6uAOCV7tiYhOMnA+ZtDslnqywKxSNrWGx9A=","WidPjLRNkbQreOHbAnMClj19xKugDRpjo+AbIsh4sf8=","QBAOxe8w9xircM1SYrv5YoBikMmBnA5O+viw0nZbGsw=","dFYvnOU09jjMQACGQasn6Q5Ot2SBJqj+bCTqOoUkmC8=","zCgPRSZy9c/3LyRvvRO8pBOr1YboV6I9URtahBdLH84=","JWb5ALHNBMQ0Vzuf9LIPNe4lWdnJ8OcDdurEn0P5uS8=","+kmW4rSAxaBF3WVO4Dtr8g/dQartrz0CUGN6LeDX6Vw=","TQ215vEQqP3AMzouWVGjRmCbThuUxx7aEuvlQqaapsI=","JwKVLx7KW0ME2SpgvQ4jPY4Qzvvjw0+8DkmMZLNkIjk=","ggWJFm/lKgVF6GpOt4JDqD3GdHyx23bGv4CU+dTvG5U=","zw3wORMeTVs8wx2eKBi1N30egY5sDb55/eYSW4kC+jc=","j591uiksf72cOuo+UATXFCsPfHhGe31fV9M4MFrSE44=","KbgHnwwtOwX3jAvUGAiR9Hau096MUxTCwzTCLa3T2zo=","0FGO9efaEGd9iusTeBjqLEudP4OtefkdnyVNk3Z1xxg=","sVMzTPRJs4L8HXJVTSFviYGTz2+9PKMUgcb+IfnTP04=","0koMVenM/D4MpOnRNSMbRwZaKgVgX3WiUsxuZp/OKQk=","eSbHLeBvpXJyBRUH7bI1G61RbjCHmksJA28pT3GRags=","CpQTbijzlRiZeyVd6pa6JQkjTH08HaYlfrUrIDDAX08=","CpQTbijzlRiZeyVd6pa6JQkjTH08HaYlfrUrIDDAX08=","CpQTbijzlRiZeyVd6pa6JQkjTH08HaYlfrUrIDDAX08=","Gd0UoD58264DNu/V32CKZrUjAApJmwnTsSh2zU7HMtg=","F+QeGO1+OdL9j6hoXdeYZQ2/+++6fEKbzoqCeuVfti0=","hS3a0Uw3GnHeRG7lhx0IYtVmSCI1oGnrk6FjYfLCYl4=","S5i++4W3HwiED5/AmkIIxPZ9+SuYs+lHS2g3RtdkPiw=","zlSdlZOfXZpgF7It1vaPfNEy8noRsTL3KETqr9g+L6o=","dlQFMtDDK8l4ZOjEKJxDVPmdL8rkyYzgOclFbmqSnXc=","8jmh0ngbCARFPHqnySS49iEB+tN7QAlAm2tmVg77CS0=","KkoIb8qph47B93Voa6pWMy2ZK23bCdFlQcJl4Dt61VE=","ZnNMveOZ/WgQVsb8TvB1gxH5Gxek8HU5aPmVeiMIEJ0=","a9CP2Psq8t4H5zZ8MwTtlM7ntTL/LTJJVWrpkHN26Xg=","XmAGiXDCtCMRTKK7AVw575oz7JWGz2SVIMZoXkyauo8=","TR4zMFB0tS3wvaUFV57kELVeJiijpU9fKs0f907B+0k=","y8LIkIGfdbhMXb5ZsBWfi/yORK8fWDADuJJ+axTu5io=","Z7WOKq4VGUsmdxtyR5m8eMKFdTLYldkXZea/Gl7C2BI=","WECte7/bYTB3TnGEkO+U+iZgDq6LM62BzCmk85pBfRo=","E3WnGKIuiK5lJpfJ42ZR2DKHFy6fjQ9xNpraD6LU9bA=","oBb28SUAyQD3IWcG81tbq3jMXa2MbIFZwpvfWD/9qQk=","i+1lRMQ7BA4dyXTmA8+x2S+i113yyv4LSSjXsxYSV4w=","aOVBJMsu+mQsnfGBY5w03/2QAhYgkvQB/CtN6exnd4g=","reLiYUMdXtpbaSrP4zGCdg9XuQUGjEv0ZCfMZPNR9o4=","9JMqb7jU0jdG6ey6Ktp73i5tG05F1XrFFrlqwukQlOo=","hzBIrXUmDTTTZ2ofhmNfTAwO45kqyZiWl6OrWUti7dQ=","JZLGLZ87eNm2tvgENV7gSh80xt9qc7x/rwFfPvC2Td8=","aSTHAeC1Q9bPniRJHppImLxdvfoC1uqGnkyGZLx7zwA=","BhJ3nB1QBiTYAvmFYYvjnXj9E/TFqtkEihQNh+qA76Q=","mVzcNk768DS/FynQQIh1aRrKv/KRyL1cQmuh/KowJKI=","VzNAXZ4PauVu2OGRZnrLSiR5lfo9DJV2BBCljlgv3P4=","ZILHzHVY/RY68gIUJ4Qi7BNgd4EbLAjJBI4mXPfm6+c=","r6VulhqzF9XT/Gbq8MUUik8reSEwVK+9CSpJUEACFTs=","GziNNc1ynFpehmHCurEfzKxg6nZxvH0NyFjgRSUqo4U=","ly6K8ntHlQrw5JEBCIwUsqXJ9/7583zV9VjoBTMVZmU=","lpWP4iRTYiZf+TceG9peyXpG0QGAC6MOSu/5POS8TIU=","FxcLLAFQmNjZjmyfwTJZNfGNOdZfqDOvpI58i1pLt9o=","mcm2jV6kMY1BWkYpaBN3GkuYXtf4vwYNZyjpNodDWHI=","xryJOJXbqwUXXq6OHcOmUOE+rYyvN4Tv9CKsoTBc/cs=","QZxe+K1s+240aQoIxuuPPzIxeVN+qa0nx3NviaVzx5o=","QXezVTn5J+1UokKubj5RZIBNuuzQjVrYmjZrtZ+Te08=","DYbzsrRDeMVBMMZ5hoKkjZFz3YEFrVcU4Aj6gSS6rzA=","rW3v2BP5emRtzz4SRJ+LO2fAldK8miD3wNr2vwSjBwc=","ERsafqTwQRSXz1Nsaoy2U145nNzy1DYYXivr+70mL78=","YRpFpRX50VOdfvcYXrgAA4jejpbsFPqmA4JRvicLHBA=","EjYr1gLB2raRx8Gi98O3VrOkpeYH9hJFMFVK+YG8c5g=","nxMcMRlBn4+r4ab3HqMlt+3L1btThxxIJ07lfzYMD4U=","wD+y7QWdlSKCUR9f/pi61ZrGw8j9MuR7qdEJlSYGT5k=","sgM67W6fIOnXP6mR4iHaFDusHnbjWOeTwbhr49TS1QM=","AncksZ8XjYz6M+mDIVbIqZdsLvkCTgUr/0a557CodI0=","txLXFSGIqZO5JtLSRvgRq04ReKoaYEYAZVGLqtNApgQ=","Bn85lFWwRm39/gx51ax5vKocSyi7TZt/yGnjKe0UHnM=","ui+ZNvhgTSEMU/KTtWSP2qDeQf7mR4CquAsHv/u/MXw=","+d4oQJo1IM7TJBDBX2xVHlEhtVwc/kQ5vroHiDcCT4E=","9onxe2mwhKNb1TmHcDbzqmK0PCMpr63KjTYfMZxAqIM=","4MsM55qO4PUv5ekfGjdRIasLvezm+eQe/K+P/mfLCFU=","1twFp+IArBV5ufq2vNv2h2RZFyGoWJVRnIyT5uASzzQ=","O3TtDKXqsqx8yBXw5bMvtg+8N+NNHU5ArvNnr9uEbk4=","/B5Z1zfEr4nW11jvKyQN9I9HpSl1hSQJz6+5AdvaLoo=","OPRZP/QMDzg4jGLPzd29z8jbJDiNFpIlnMBy2vkVKHQ=","VHArHScFYPdsGCHEqiVs/7KqqfrM/KDdHGpFL410c1Q=","SxgiGCVHD+i+uaHDUCZr1JWfJSUkDVHkwO/pMGxAxhc=","bHOiURObXOpODD/1EGUXcTGncvXp/BHaAkOzSGjBcOY=","r4XqaS57OEjMUfK2rcKmm9QdNgV3MBGK8VhjhT0LJl8=","OD92XQuD5j4fY1Uao7X7+cKCxeeyTrWC2pWqooHOlk4=","bOsQivwP//6BmRrnHbeQIPfS7CIH8XAN+3IdozHIERA=","GJsxvGap7tmLufczFlhZWS2dbB4ylPBh1B8Ut+as3Mk=","Fw2IlNYLrY6hVq2fWjt/Y69UuHO7SrGthWxB/KgZA98=","zVXzmiH/ehLpCCEQlkMtzE8Si5i3trh2AcN8F79pd+s=","S3f9jdsuJLM18veAjbhd6RcYIZBLvzAzfj6A3n6tDa4=","ZeVlkuxLHrZxVaZvuSKPtKoperRJe9e//yWcILH6Yj0=","bq0ZRwrssRDM4AjoW1tTLfKJkmTLT35P8YExoiHAQR4=","1yA9r/n6fGZ4zU8oOKjYXLRA3fiMdTi/J3NoHw6AD9w=","MuwgdkH6cwqOJPlixKecboeyOFRFeJJumDHt3/alTcI=","vrkCqJqhvqJHRkw0Z2wODq3Ttc/uCP5s8E8ivylsgVA=","y6GEVHg7+XfAMtrVodQjbdnLJZ6Fe5AiapncrPE3IHU=","VUajobePLcvd5kWudcTlG8HPHwcH2heqkjWVIjSUpIU=","0/XRTSr7UW98vR7K5FtZuNmRYc23j+PjCtL0CskeSCg=","bAtzqzbY25zXtsG+SVp287c3TxhnO+rvYFtv08ZIZPc=","IEXRvdzupspvifq3YXzWvI8qZCF0ORoha/odHjZ9gmU=","v8W2NCvqaBVuC1q0mHWgv7clWKGc37tBmws2202gDEk=","FmRqCwX/H0KgO3f7rf7yN77YKvB64drUbNtMFlM44GU=","weNfNFZkqLofxcDUvgo8jUfNXeGnT//AHHXcbiNAJ+g=","hUsObU3IGv/i9kI0LKZqjXB4s1yHWYWJhxmQFc1PkdU="],"block_size":4096,"path":"native/sss.dat"},{"block_hashes":["a+c5wBvmXqC6Mk9DJdO24LSBsI5AqzExKJjP9oHqjms=","LQIH//YUvPld2HaekWNvgOneVwh/y+YIe8M4NZuoQU8=","v2tbRkd/w/34O/B1KiUgZhFKwKWDJSAZoJ1xM/yai2Y=","YIyrb9FDW5chveO8nC2VyAl/P3jRmCAguFWkgbWUkzc=","3rlni2aq35Qv+3sU0k/0Kbe0kCtUo4zWE+ogJMlqZfs=","H2VP5TUolbNK40H5ShUgS2JNNQPWZ8sVF6zOcdkiy9M=","XZjRXWm0SmX0ZQT9qoLG7OpYDhZDb9OMK5ex2l7SvVw=","5kJ1yn6iP552c9A/jO0LXQOADRN8BBLomO9bYrpdxaM="],"block_size":4096,"path":"scripts/3p/bootstrap.min.js"},{"block_hashes":["LTQqmZvqbB+Pf9YRy30kRFzWDOz9psY3xvyE6HBK4Rk=","e0HDCVD7fa2+w/xB3nhxCJkZ7ampMoKt7c+ch/YSz9A=","t4XHKOu95ZGRqQRh71upICUoNz95/RGOAnKEjTGixw0=","6XglMZTRJbuXf0o58d4Zym08ubqcIn7bIQ1KBbJH44k=","AKP0Vc+ZSnVoO+2OgiCfx/+fQgbNbNUbLCWJB94FlKA=","nDPpg1vo8w+y/f9kL8sHM7NNMhWdiiO0HxeJMwQdbUo=","YVVm7IEL5B7pPw2wDHeRHK4XNIWo3TGvD1cATHG5PbA=","CPD82wUfVc2s1wOKpKBmYQR+vgFTQSAkMXwtyT5Xi8s=","dMbKHTTWrx+nq0td5X7P9JzIw5IsLm/uTgobR2s1QzM=","gi6xO2d4lmeLKlUPH0f2hd8vSEiPII2KIKFvdEkNA7A=","YHaD3yRRtC/I2noEGCfxXO7ilPKDT5GPiYVz4ylCm6k=","Ch8Iy1VQaw5EYCzl4aEvyd+gvMaz86BE9vITaIiag34=","wQA1hLRSdoaWCuLNTymr/Xvqs84IF9dGurRuARNT+is=","yMimzVuFU57/HbZXDIbiMqo/3rld1K/aZEgmUYdcGt0=","dshw+4rt5eipBXtA8dDO0nLvUOzI4r7N8Kq748149UE="],"block_size":4096,"path":"scripts/3p/inboxsdk.js"},{"block_hashes":["r0IN9bnKipU06AbfKpUes/IrN1u/871QDxMU2uOR7tc=","siGX9Uhl50tykBN6LIop5Ka2TkIzYqDORippBoX9sNg=","V3kBXzCx3tPzkqtGe4nML6fRxRMiWsnDpYkLQ2jXTGc=","je+FHRl3gNIlx5zmCk0EA5CwmgEkWu82rYtOo8NcvQY=","EoGQrLdC9uM13zaglvWWv/yHEnxh4EWGSVcqqAZNlhQ=","BzLNRzD+3QENkcRDI/m0yw9bUQbmDJ1vQQziTt2b3Dk=","9Hm8z17pIbFWaJKELM+RVQY/g2m/BcVTFAR2gaSy1RM=","65Cu/BDUhqU4ALE1Etaot7cen0LCCwD+rUqsmsXA/eA=","+3lTMa1Rj6HiXQ0u44+xLugAJQXrNVE8SteatGkt4e0=","Twp8++w9wDpuIU4wqOSYue7CsDMhuTE9SsONUSIkL4o=","e+zf+BpRoP/yvLoSL9/nmOXvvBQN7Y2d/q7UA+hjHnw=","9QwHxboyqi3LntDQcgUP1neOdSLE92dTt+beBxLA9X8=","f9mIhVuGgHjjqPlFy4Dcw33C+w+iinkcjLiUOU1Y800=","oZqoCKzinXAbbVsGseoonW4vQ19wDFwPJrpT7rcr9T4=","ML+6I12X6yL4a9l/aT1+MGkSzHJnnTfKPK6bnRvXUcY=","YtWco/+EfxamXpiT6qBSX3i93tDOkQJEnU8CiEkE96A=","sFn0Kj5Zqdzh7olbmwnZ+NLs+/ZhYtRR1Yeyf6nVzbA=","vQSKRXACXdvoRgTOgUlhNYQZOv2+jm8GqzkoFWv04Bo=","tgp477RjJMGW9uZrg4l8K6LSpRcTrhKrYRqY01Hr3vw=","katZwqXEp/0dIegX2UthI0pG6q09su897cQd1aDRTEo=","7OsqaR2jyQ16YA3Uy+QJoAz4oyFahbERSeY8ThFeDZ8=","lJKOTkHZ6v96dX1qVg+WZM6JI/TZ+WW9Psa3MkV9JsU="],"block_size":4096,"path":"scripts/3p/jquery-3.3.1.min.js"},{"block_hashes":["Fk88QliznunrT8FP1DNVLZpKfXLbteABf6RQ3YlfS2M="],"block_size":4096,"path":"scripts/fsAPIEvents.js"},{"block_hashes":["NeTbw0MOPKZutXAEwyCzi3GDVQnAeQjfyx9QkZM1pe4="],"block_size":4096,"path":"scripts/fsActivation.js"},{"block_hashes":["NAa6RqCYR4XZg5toXyAeuQn1TkRrLHeUFu06vgoLeb0=","xBDena+1xo8EY/tmO0AUOApNgmhnTwBUX4o2Wlp3yiM=","47k1G0UIZRgLCFjiO7dHCbvl824qp6ZV6Ygx9pmlTDY=","+NQw0dmGzuk6fgfjnOw9c5zrQJchFNKk7jbTcaYXKsQ=","YAc8jFfChmz5Ic01Rf5+3yopvh/nIT1NjGq/i6SSEIc=","lt3suPXgxuXPKky/eiMbgjuIsYt1DaJ2TjAaDwpqZgQ=","VPjDCnPk0rK1SOSZjG77bUusjWyGIPDpu9cXE/xw5T4=","mbrvtjoLZ1A57R+Bqn/AN7+Izw41ru2+1SYAacsrjXc=","mhYoLa+pqWm0JmMOszHY0J01FwhUSOMJun2jO6vfP3g=","QsJp/nS2LjScowDD2tuwIfmPgqnwP3psf6P2QeknIOo="],"block_size":4096,"path":"scripts/fsBackground.js"},{"block_hashes":["RVjNT7WTS7g3h5hCZ3guWQCQDUjKZ8MggfaOFonigz4=","GrKDKBZVpjnEnMlTdRMdHksCDXQ2+6IRAd3VmA7ZQeA=","NBrVsvBAyOu5TCZNBlFpqbHKIZauzgNDIut06g7laRE="],"block_size":4096,"path":"scripts/fsCaptured.js"},{"block_hashes":["9lpoY4DgWi+79eVi/2VI8qBmXcdTNTwdyNYFumN7rhk="],"block_size":4096,"path":"scripts/fsCommands.js"},{"block_hashes":["fj7SsL9DqwSmCOahxjNvxMban9WTB9PpyKRELL3ZRoc=","tGvR1iY0POIbmO/PYKQ7eitEswTvCHg/0wy7aCNIApA=","U6CanN0O0dal8CGL6sFoHK4Xh3sCcLTpiAmzJmb48Qw=","YeuDGM4M6k7fyWNPputv1asM5UII/FG6iWcDnxTjyqo="],"block_size":4096,"path":"scripts/fsContent.js"},{"block_hashes":["Hw5h1ktD6bWXub49P2GUQwoaR27gfDjvoA3Y5JblTws=","lQbkA6ifvA+fylbSJZq0y1yQQhDAvp8R61BmOPp1GO0="],"block_size":4096,"path":"scripts/fsGmail.js"},{"block_hashes":["gKYsnNcJOGjarYD5/rBLi8l1oDDuDCcGUS0cL7mlqyM=","FLz+SJUSBhTvhkdFzeZBabyNIhOh58e4GX8Bu7N1q68="],"block_size":4096,"path":"scripts/fsLinks.js"},{"block_hashes":["RYc8QhqsraVJZ1EDV6+EhF7pM0IpovxRVH9zV84wwSY=","mgdQloI+wS06jlVBhI/4Trk/+AwlKDfEEbSIqztMi60="],"block_size":4096,"path":"scripts/fsNativeAPISupport.js"},{"block_hashes":["qK/k9+M1fqBlEihpxBY2NM/HUwTGns5mnbIqM9T5REM="],"block_size":4096,"path":"scripts/fsNativeInstall.js"},{"block_hashes":["6PCm70788RCgHMzy2TeckjFYyOoKCDCf9B2wVYHd4pw=","+uAjWoH7W7jizAxDA7kub9RQaqoo1WUbtDN9uC49+y8="],"block_size":4096,"path":"scripts/fsOptions.js"},{"block_hashes":["Z6UkfHVb3G2b0QNPelC3q/+py9goaISjP95BlIk13+Q="],"block_size":4096,"path":"scripts/fsPDF.js"},{"block_hashes":["BSMThxmWk36TWCmwSdg9VBYwHKbDMQVgH3ZSp6Pr2m8="],"block_size":4096,"path":"scripts/fsPermissions.js"},{"block_hashes":["QFauglOGHcRRJljkZM9lufbpgh67UlVkFhz7CMIP+MQ=","w+rA3gFgFJ7OhZFhkV0hSdlZR9UgIYet+8xIeREI7FI="],"block_size":4096,"path":"scripts/fsPopup.js"},{"block_hashes":["retvjRAo1T8rUHtJrocORoKWBtDUupxP6ksuL434hmE="],"block_size":4096,"path":"scripts/fsSSS.js"},{"block_hashes":["XcuDjGRrxfjKpv7OQef0OyMeQubd1wBf8pnwiVDFzx4="],"block_size":4096,"path":"scripts/fsScriptChecker.js"},{"block_hashes":["oaV1ux9Zn1JfAxGoyHedLbmbsduaUSJn5LHFHph/OJw=","U+S7w3Nz4XGLgdKhFBWC8t6oDrAWIKGvWAL/dLJ0gEM=","SM+x+yDolsY0+7Z3oxDMQ7IgtZe4KcuATaxPpPH0jUo=","1xA6qKsDtuqZRJre5dPj5qC08XfMpvEAMO4LApzGt38=","F/tQtQGDFAdApTfADWSVYggPlY3Rv4QTpK/h/fTKTOY=","BWkCRjbq5Av0PlCnjRmOMShMESfTq2x+9E98LcTcA98="],"block_size":4096,"path":"scripts/fsSelection.js"},{"block_hashes":["nghowZ5537xQZSZufa0pvJNKT6kg8maFPSEL0XVNvC4=","ho6KlkUJWHMdsRQ/4yFER1qc8+nD7Hd+2VjeRkUiqtg=","HYEITrM1TntbQPB1cNGaEM/CiEyHAN3yDn5e8nYvdNw=","rsKXjV4FbI9IyI8WkLHRTfWkXkrjuP6PwaNCPEjfl/s="],"block_size":4096,"path":"scripts/fsUtils.js"},{"block_hashes":["Rbb2UCHVGXP7ng/AgZgp4r9vmGbIZNhJAKHI75JETZU="],"block_size":4096,"path":"scripts/fsXBrowserSupport.js"}],"version":2}