{"file_hashes":[{"block_hashes":["B66cO6JTn/lUOqOHsKg9OGBwxtR5ie64EKsfjTVWNcA="],"block_size":4096,"path":"background.html"},{"block_hashes":["pFa43yUx1zirjSMeFehvFK8gj2klqpcHSYelY5suyXc=","XouRaKQE26hX3nXDBIE/nGJUKijhEq/RgCT4KZxWl4Y="],"block_size":4096,"path":"css/options.css"},{"block_hashes":["sdqSpj/d+pFZq0bZ4sp3WYM2g07UF5kZyfLtF6rknjE="],"block_size":4096,"path":"css/pop.css"},{"block_hashes":["SCOblyJSQjkyj1ts4tm6Kz7xFk/Ni6jiGyxLduQ9lPc="],"block_size":4096,"path":"img/copy.png"},{"block_hashes":["oWZ8DXiULd5CA75beiWgsko/TtHB/0ClFnRXovlS0fc="],"block_size":4096,"path":"img/download.png"},{"block_hashes":["u7vID4Y58P0Kpff6fnZtNnCsyfB2pQyN48OB6LtURno="],"block_size":4096,"path":"img/parsing.png"},{"block_hashes":["cA1mdTcN2nL+RXd5NQ9klurRyypprq7uw61xL2Hu/xs="],"block_size":4096,"path":"img/play.png"},{"block_hashes":["5sBVMeqT5tCuLL5TKTwOK7vkuGbjxdyUOLEjjCYUVJs=","JF+DLlU7hKVhx6xLgHOSkN9BcmAe5HE/osZacninyR8="],"block_size":4096,"path":"js/background.js"},{"block_hashes":["be8EXTWdKRRVCzcyWiVEz9EasHSe2MlyHrqTT1EHRAU="],"block_size":4096,"path":"js/init.js"},{"block_hashes":["LScLVNzO9NAa5KtCRgv+3p62aLEW7zMHScWMqzFSC4A=","iJ6hBnkDNw8J2/4f9GvQJmUz4eNdcc5S7BAb0QNrSxg=","RcVLye4fdg0yyFTraFML30wIgedA4beN4YYPgv19O0c=","HO75UlyubWf8zUNtFsb84t4mKqLv5cesh3ZkydleGG4=","Oc61Nsmqt9SdcUNer6TOQWfO+SuvWbRKlQSkWz9+tmU=","6vTOzUlG0uMZnhE1MPzQ5zFnkTwQ5R60UTDu/UwlSN0=","pCWDyWLTrvN2ty3pq96EHyYPYB78kNds4PtyLqY7teg=","8hLEGw+NMlEex6beNq3raXArNYeNcjIvIRcViJtIAPo=","vHxEAYUoHfjsp99ueTYcgURdh2VW2LrYuqqLk/wRVcs=","l07Cm0fuu/pNjq1ByKfDvdreT0NDNsMDjENVLaOx//A=","GwoI1Tn5tBofN6kpAl4n6y899DNI6s1iuF3KSBJ/3xw=","aqnqDlNBBLtR21k/5vnxKLfUJPZO4yX6LSNVdp28s1I=","ktEjAFshnwssxqSCz//+3bca1ffDNyFS8IMhECCWAS0=","4hPcUqiXc8q0NzfHcMmOW6c3X1RK5VBMWVaGyvB4FFw=","xgpTmSvvLiKIpDGSn3b8ofpA+LZt8t8dmj3OKHdpdmE=","7y9Vy3NUHJ/jwrTf8v8JcOMVeQi0ru3OPwSm+orbWZs=","qoN8sdutqUwlCUBj65Ggs5zOEmqi2NU0XkXSN1Nkccs=","ONiLN2A6uFNgBb1MB1XsxdO7MkZBlK93fjeZa0XmAbY=","g4TrEpCp+Y6l5zDKVVFFz1DgLykqO18lrSzWu0YbhnI=","CTUyU5bwnpwiKgQFC2+iT+D+R1W45IyBEDxxunDPAHk=","CEuMNRo3eLShi/7p1xXj6KO0C/Xk2n1TojUgixjMK+Q=","ztgkxBxCMUFLAswwOj4HtOXWXybTWlkJal5JNENy+AM=","7kFdeBNZeSGbzbxBpy5BLU5++yd3bS3agr/0SesSXuc="],"block_size":4096,"path":"js/jquery.min.js"},{"block_hashes":["KoRCwSpNqnRL+ZxiRn2zMHketJfbdJbzWXHVHc/7+ik="],"block_size":4096,"path":"js/m3u8.js"},{"block_hashes":["jMHWHCV2e6c3gqAdAVP8Me40etvwx/GJhmPhVjNu8lI=","Z1jk1jmQA/RHQuJYtf/ba02kdm7BvbZ3t7mgIUdbpWo="],"block_size":4096,"path":"js/options.js"},{"block_hashes":["fKr3ONHkekzvavPOeJJ109pDBzL0m73R93HKf/5sG9M=","t7mbyvaTkDLywLHDNzCrlgmHzaKumTWzs//InYTRf+k="],"block_size":4096,"path":"js/popup.js"},{"block_hashes":["sj1VOMKCxnTomOja3yrIqKZwVgeVYhCrx0B+H+xBY4Y="],"block_size":4096,"path":"m3u8.html"},{"block_hashes":["XkngMo0dqhEfXUDsTcXsl6oy82NV/dDsw5L++IkdJ+w=","kqRrvk96gsuWwBl4bkEWYdQpfCRWkVtSHgXrz/31Gf8="],"block_size":4096,"path":"options.html"},{"block_hashes":["FtueyARq2SvEc6SnCdvZ8ITuuU1CHoWCW90RBWGnuDE="],"block_size":4096,"path":"popup.html"}],"version":2}